Date,Tempat,A,B,O,AB
2018-01-01,Surabaya,18,35,12,7
2018-01-02,Surabaya,46,25,4,16
2018-01-03,Surabaya,24,30,1,39
2018-01-04,Surabaya,30,17,29,43
2018-01-05,Surabaya,42,25,27,36
2018-01-06,Surabaya,31,34,44,30
2018-01-07,Surabaya,22,12,39,18
2018-01-08,Surabaya,13,42,40,48
2018-01-09,Surabaya,38,4,36,32
2018-01-10,Surabaya,35,8,50,2
2018-01-11,Surabaya,16,44,31,11
2018-01-12,Surabaya,27,50,6,34
2018-01-13,Surabaya,37,6,38,10
2018-01-14,Surabaya,31,34,8,37
2018-01-15,Surabaya,25,46,6,41
2018-01-16,Surabaya,35,40,30,5
2018-01-17,Surabaya,22,10,13,12
2018-01-18,Surabaya,35,36,22,43
2018-01-19,Surabaya,21,27,44,28
2018-01-20,Surabaya,18,38,36,44
2018-01-21,Surabaya,46,31,24,19
2018-01-22,Surabaya,31,17,3,25
2018-01-23,Surabaya,45,34,2,39
2018-01-24,Surabaya,27,36,10,10
2018-01-25,Surabaya,35,47,46,31
2018-01-26,Surabaya,12,47,42,37
2018-01-27,Surabaya,9,16,38,26
2018-01-28,Surabaya,42,31,38,36
2018-01-29,Surabaya,38,11,43,22
2018-01-30,Surabaya,27,45,39,19
2018-01-31,Surabaya,16,23,25,14
2018-02-01,Surabaya,44,41,43,16
2018-02-02,Surabaya,42,7,3,50
2018-02-03,Surabaya,2,34,21,6
2018-02-04,Surabaya,7,28,46,7
2018-02-05,Surabaya,9,33,28,33
2018-02-06,Surabaya,38,38,12,12
2018-02-07,Surabaya,12,45,6,48
2018-02-08,Surabaya,34,12,42,13
2018-02-09,Surabaya,31,31,50,5
2018-02-10,Surabaya,7,13,35,49
2018-02-11,Surabaya,19,3,22,19
2018-02-12,Surabaya,44,17,48,17
2018-02-13,Surabaya,18,43,7,50
2018-02-14,Surabaya,48,4,36,8
2018-02-15,Surabaya,5,42,1,19
2018-02-16,Surabaya,42,14,29,30
2018-02-17,Surabaya,7,29,2,18
2018-02-18,Surabaya,10,34,48,16
2018-02-19,Surabaya,14,46,12,22
2018-02-20,Surabaya,29,25,2,15
2018-02-21,Surabaya,39,42,37,41
2018-02-22,Surabaya,32,5,8,49
2018-02-23,Surabaya,29,6,4,21
2018-02-24,Surabaya,15,10,36,50
2018-02-25,Surabaya,35,36,5,49
2018-02-26,Surabaya,38,29,34,45
2018-02-27,Surabaya,37,7,37,26
2018-02-28,Surabaya,7,7,4,48
2018-03-01,Surabaya,41,33,46,9
2018-03-02,Surabaya,31,16,44,42
2018-03-03,Surabaya,50,44,42,32
2018-03-04,Surabaya,27,15,17,14
2018-03-05,Surabaya,29,33,13,42
2018-03-06,Surabaya,1,34,13,1
2018-03-07,Surabaya,2,38,50,5
2018-03-08,Surabaya,48,25,47,43
2018-03-09,Surabaya,47,35,47,8
2018-03-10,Surabaya,30,21,31,45
2018-03-11,Surabaya,38,5,34,26
2018-03-12,Surabaya,29,48,11,41
2018-03-13,Surabaya,29,33,32,46
2018-03-14,Surabaya,15,8,40,33
2018-03-15,Surabaya,32,48,49,13
2018-03-16,Surabaya,33,2,30,25
2018-03-17,Surabaya,29,32,46,8
2018-03-18,Surabaya,46,11,1,46
2018-03-19,Surabaya,39,34,1,43
2018-03-20,Surabaya,17,50,11,13
2018-03-21,Surabaya,40,2,22,44
2018-03-22,Surabaya,36,36,34,25
2018-03-23,Surabaya,8,15,31,24
2018-03-24,Surabaya,41,25,40,48
2018-03-25,Surabaya,34,46,32,33
2018-03-26,Surabaya,30,41,34,27
2018-03-27,Surabaya,38,38,32,15
2018-03-28,Surabaya,23,21,47,16
2018-03-29,Surabaya,18,14,35,18
2018-03-30,Surabaya,16,33,31,8
2018-03-31,Surabaya,43,5,37,50
2018-04-01,Surabaya,31,39,24,30
2018-04-02,Surabaya,43,28,11,50
2018-04-03,Surabaya,13,16,48,8
2018-04-04,Surabaya,44,37,13,8
2018-04-05,Surabaya,9,45,29,43
2018-04-06,Surabaya,15,3,7,32
2018-04-07,Surabaya,13,16,31,25
2018-04-08,Surabaya,29,28,26,38
2018-04-09,Surabaya,50,27,33,50
2018-04-10,Surabaya,42,15,2,11
2018-04-11,Surabaya,5,20,2,34
2018-04-12,Surabaya,17,34,6,24
2018-04-13,Surabaya,49,34,5,23
2018-04-14,Surabaya,32,38,40,32
2018-04-15,Surabaya,16,28,40,20
2018-04-16,Surabaya,49,9,3,36
2018-04-17,Surabaya,32,40,8,45
2018-04-18,Surabaya,7,46,27,37
2018-04-19,Surabaya,45,36,33,23
2018-04-20,Surabaya,38,11,26,37
2018-04-21,Surabaya,35,10,47,2
2018-04-22,Surabaya,24,20,7,11
2018-04-23,Surabaya,16,10,44,24
2018-04-24,Surabaya,29,6,23,22
2018-04-25,Surabaya,43,17,26,4
2018-04-26,Surabaya,48,47,27,48
2018-04-27,Surabaya,30,37,36,49
2018-04-28,Surabaya,12,24,6,33
2018-04-29,Surabaya,17,33,12,9
2018-04-30,Surabaya,11,8,24,25
2018-05-01,Surabaya,16,33,4,22
2018-05-02,Surabaya,16,5,35,40
2018-05-03,Surabaya,22,29,9,46
2018-05-04,Surabaya,10,11,22,18
2018-05-05,Surabaya,7,38,35,18
2018-05-06,Surabaya,31,9,44,47
2018-05-07,Surabaya,23,12,31,36
2018-05-08,Surabaya,27,43,22,14
2018-05-09,Surabaya,48,34,12,26
2018-05-10,Surabaya,30,34,42,13
2018-05-11,Surabaya,4,37,15,11
2018-05-12,Surabaya,18,29,39,47
2018-05-13,Surabaya,13,43,10,4
2018-05-14,Surabaya,12,25,33,20
2018-05-15,Surabaya,44,17,8,23
2018-05-16,Surabaya,34,39,38,30
2018-05-17,Surabaya,47,11,29,39
2018-05-18,Surabaya,6,36,19,16
2018-05-19,Surabaya,22,17,9,10
2018-05-20,Surabaya,4,18,43,45
2018-05-21,Surabaya,27,19,45,28
2018-05-22,Surabaya,17,30,2,40
2018-05-23,Surabaya,27,43,23,6
2018-05-24,Surabaya,1,37,29,46
2018-05-25,Surabaya,9,46,6,1
2018-05-26,Surabaya,43,25,2,49
2018-05-27,Surabaya,33,24,33,28
2018-05-28,Surabaya,10,8,42,8
2018-05-29,Surabaya,34,35,33,6
2018-05-30,Surabaya,29,15,13,34
2018-05-31,Surabaya,38,23,1,40
2018-06-01,Surabaya,21,27,26,34
2018-06-02,Surabaya,18,46,48,6
2018-06-03,Surabaya,46,5,46,23
2018-06-04,Surabaya,41,32,36,31
2018-06-05,Surabaya,16,3,20,21
2018-06-06,Surabaya,11,47,23,33
2018-06-07,Surabaya,9,13,11,4
2018-06-08,Surabaya,14,12,32,29
2018-06-09,Surabaya,24,18,4,12
2018-06-10,Surabaya,31,10,39,30
2018-06-11,Surabaya,27,35,34,30
2018-06-12,Surabaya,27,41,36,25
2018-06-13,Surabaya,13,49,12,47
2018-06-14,Surabaya,23,30,33,22
2018-06-15,Surabaya,28,10,32,10
2018-06-16,Surabaya,16,6,3,13
2018-06-17,Surabaya,13,36,13,36
2018-06-18,Surabaya,2,35,48,43
2018-06-19,Surabaya,1,35,2,41
2018-06-20,Surabaya,35,21,34,42
2018-06-21,Surabaya,38,14,44,30
2018-06-22,Surabaya,41,47,29,45
2018-06-23,Surabaya,37,26,4,1
2018-06-24,Surabaya,39,45,19,30
2018-06-25,Surabaya,28,2,11,23
2018-06-26,Surabaya,5,30,12,35
2018-06-27,Surabaya,29,31,30,13
2018-06-28,Surabaya,3,14,25,19
2018-06-29,Surabaya,35,1,5,1
2018-06-30,Surabaya,7,3,43,3
2018-07-01,Surabaya,30,13,48,24
2018-07-02,Surabaya,45,40,50,13
2018-07-03,Surabaya,16,42,16,9
2018-07-04,Surabaya,19,9,36,1
2018-07-05,Surabaya,37,2,25,42
2018-07-06,Surabaya,45,32,11,3
2018-07-07,Surabaya,18,9,10,17
2018-07-08,Surabaya,45,6,36,6
2018-07-09,Surabaya,48,44,15,44
2018-07-10,Surabaya,22,35,10,5
2018-07-11,Surabaya,46,50,37,5
2018-07-12,Surabaya,17,50,10,4
2018-07-13,Surabaya,40,29,25,6
2018-07-14,Surabaya,23,15,36,20
2018-07-15,Surabaya,35,44,31,37
2018-07-16,Surabaya,43,40,26,14
2018-07-17,Surabaya,41,9,34,37
2018-07-18,Surabaya,46,37,25,46
2018-07-19,Surabaya,30,18,33,50
2018-07-20,Surabaya,47,36,36,14
2018-07-21,Surabaya,3,40,19,22
2018-07-22,Surabaya,14,48,23,46
2018-07-23,Surabaya,21,47,18,36
2018-07-24,Surabaya,37,14,43,50
2018-07-25,Surabaya,6,25,42,9
2018-07-26,Surabaya,44,13,36,10
2018-07-27,Surabaya,50,18,46,45
2018-07-28,Surabaya,17,37,5,2
2018-07-29,Surabaya,39,7,5,8
2018-07-30,Surabaya,32,11,21,11
2018-07-31,Surabaya,13,1,30,39
2018-08-01,Surabaya,36,47,21,4
2018-08-02,Surabaya,25,17,15,10
2018-08-03,Surabaya,44,16,2,42
2018-08-04,Surabaya,18,42,30,20
2018-08-05,Surabaya,14,4,15,50
2018-08-06,Surabaya,26,12,37,14
2018-08-07,Surabaya,11,8,35,24
2018-08-08,Surabaya,5,42,19,2
2018-08-09,Surabaya,29,8,36,27
2018-08-10,Surabaya,46,18,13,47
2018-08-11,Surabaya,24,7,5,18
2018-08-12,Surabaya,34,48,11,32
2018-08-13,Surabaya,40,5,6,6
2018-08-14,Surabaya,22,7,25,4
2018-08-15,Surabaya,9,48,2,1
2018-08-16,Surabaya,25,37,43,33
2018-08-17,Surabaya,28,11,15,2
2018-08-18,Surabaya,43,38,2,17
2018-08-19,Surabaya,6,17,22,18
2018-08-20,Surabaya,46,49,50,34
2018-08-21,Surabaya,50,48,30,15
2018-08-22,Surabaya,5,21,37,38
2018-08-23,Surabaya,48,23,11,42
2018-08-24,Surabaya,43,2,36,23
2018-08-25,Surabaya,37,23,23,28
2018-08-26,Surabaya,24,37,3,48
2018-08-27,Surabaya,6,35,36,2
2018-08-28,Surabaya,28,22,31,33
2018-08-29,Surabaya,39,50,20,32
2018-08-30,Surabaya,34,46,2,17
2018-08-31,Surabaya,7,42,27,45
2018-09-01,Surabaya,13,13,2,24
2018-09-02,Surabaya,10,46,50,37
2018-09-03,Surabaya,43,15,13,38
2018-09-04,Surabaya,28,37,6,44
2018-09-05,Surabaya,37,29,3,29
2018-09-06,Surabaya,11,8,23,15
2018-09-07,Surabaya,38,7,5,43
2018-09-08,Surabaya,13,7,50,48
2018-09-09,Surabaya,18,49,32,44
2018-09-10,Surabaya,4,24,5,30
2018-09-11,Surabaya,30,30,6,6
2018-09-12,Surabaya,44,50,22,33
2018-09-13,Surabaya,35,10,26,47
2018-09-14,Surabaya,43,24,48,21
2018-09-15,Surabaya,24,12,15,31
2018-09-16,Surabaya,4,5,19,35
2018-09-17,Surabaya,47,23,26,5
2018-09-18,Surabaya,42,29,50,32
2018-09-19,Surabaya,25,41,47,19
2018-09-20,Surabaya,6,22,20,6
2018-09-21,Surabaya,38,25,43,30
2018-09-22,Surabaya,21,20,41,50
2018-09-23,Surabaya,13,13,16,17
2018-09-24,Surabaya,1,42,9,2
2018-09-25,Surabaya,28,50,9,6
2018-09-26,Surabaya,22,25,9,20
2018-09-27,Surabaya,8,45,14,38
2018-09-28,Surabaya,48,48,2,45
2018-09-29,Surabaya,8,33,44,16
2018-09-30,Surabaya,44,50,30,32
2018-10-01,Surabaya,15,45,44,20
2018-10-02,Surabaya,35,37,29,24
2018-10-03,Surabaya,46,48,4,17
2018-10-04,Surabaya,33,34,21,15
2018-10-05,Surabaya,10,40,10,36
2018-10-06,Surabaya,15,18,17,48
2018-10-07,Surabaya,3,21,5,43
2018-10-08,Surabaya,10,14,36,47
2018-10-09,Surabaya,10,13,16,1
2018-10-10,Surabaya,33,19,31,49
2018-10-11,Surabaya,31,1,20,7
2018-10-12,Surabaya,46,30,28,11
2018-10-13,Surabaya,31,45,17,20
2018-10-14,Surabaya,6,30,27,9
2018-10-15,Surabaya,48,31,36,39
2018-10-16,Surabaya,23,19,19,37
2018-10-17,Surabaya,19,39,31,42
2018-10-18,Surabaya,30,35,8,36
2018-10-19,Surabaya,44,1,47,34
2018-10-20,Surabaya,32,37,14,1
2018-10-21,Surabaya,5,29,34,4
2018-10-22,Surabaya,28,1,19,4
2018-10-23,Surabaya,20,29,49,49
2018-10-24,Surabaya,27,38,27,33
2018-10-25,Surabaya,24,7,41,27
2018-10-26,Surabaya,43,43,39,3
2018-10-27,Surabaya,36,25,35,20
2018-10-28,Surabaya,5,11,14,8
2018-10-29,Surabaya,36,23,10,38
2018-10-30,Surabaya,7,45,6,40
2018-10-31,Surabaya,18,31,14,49
2018-11-01,Surabaya,18,50,7,6
2018-11-02,Surabaya,39,16,42,17
2018-11-03,Surabaya,23,16,5,35
2018-11-04,Surabaya,17,50,14,39
2018-11-05,Surabaya,18,42,3,13
2018-11-06,Surabaya,38,14,39,24
2018-11-07,Surabaya,29,11,17,19
2018-11-08,Surabaya,41,14,26,28
2018-11-09,Surabaya,46,31,11,7
2018-11-10,Surabaya,22,22,33,37
2018-11-11,Surabaya,34,4,19,20
2018-11-12,Surabaya,44,46,34,32
2018-11-13,Surabaya,29,36,26,20
2018-11-14,Surabaya,50,24,42,3
2018-11-15,Surabaya,27,33,40,45
2018-11-16,Surabaya,33,1,21,36
2018-11-17,Surabaya,28,2,7,34
2018-11-18,Surabaya,13,28,22,40
2018-11-19,Surabaya,11,12,43,41
2018-11-20,Surabaya,43,32,8,47
2018-11-21,Surabaya,31,44,35,1
2018-11-22,Surabaya,24,39,32,21
2018-11-23,Surabaya,22,17,2,9
2018-11-24,Surabaya,46,40,18,43
2018-11-25,Surabaya,25,24,8,45
2018-11-26,Surabaya,33,11,39,32
2018-11-27,Surabaya,41,15,13,46
2018-11-28,Surabaya,40,29,47,30
2018-11-29,Surabaya,25,14,18,9
2018-11-30,Surabaya,40,44,7,36
2018-12-01,Surabaya,21,47,44,2
2018-12-02,Surabaya,9,19,27,1
2018-12-03,Surabaya,7,42,41,11
2018-12-04,Surabaya,19,18,21,9
2018-12-05,Surabaya,43,36,28,27
2018-12-06,Surabaya,18,15,14,19
2018-12-07,Surabaya,7,46,32,22
2018-12-08,Surabaya,50,12,9,37
2018-12-09,Surabaya,33,12,21,17
2018-12-10,Surabaya,11,27,22,8
2018-12-11,Surabaya,32,13,15,3
2018-12-12,Surabaya,8,20,11,24
2018-12-13,Surabaya,39,8,35,8
2018-12-14,Surabaya,37,7,3,7
2018-12-15,Surabaya,32,24,28,4
2018-12-16,Surabaya,24,26,2,15
2018-12-17,Surabaya,5,18,29,17
2018-12-18,Surabaya,47,3,29,15
2018-12-19,Surabaya,22,15,19,33
2018-12-20,Surabaya,1,16,30,14
2018-12-21,Surabaya,1,5,1,36
2018-12-22,Surabaya,9,35,13,37
2018-12-23,Surabaya,43,31,41,17
2018-12-24,Surabaya,20,20,39,36
2018-12-25,Surabaya,11,38,23,17
2018-12-26,Surabaya,50,12,31,40
2018-12-27,Surabaya,25,11,22,28
2018-12-28,Surabaya,22,48,33,25
2018-12-29,Surabaya,31,3,42,38
2018-12-30,Surabaya,32,19,45,48
2018-12-31,Surabaya,28,36,28,1
2019-01-01,Surabaya,15,24,6,11
2019-01-02,Surabaya,7,28,29,27
2019-01-03,Surabaya,7,41,9,6
2019-01-04,Surabaya,42,19,39,45
2019-01-05,Surabaya,12,27,12,37
2019-01-06,Surabaya,41,45,37,34
2019-01-07,Surabaya,31,22,35,48
2019-01-08,Surabaya,7,40,41,11
2019-01-09,Surabaya,50,35,12,4
2019-01-10,Surabaya,11,24,28,37
2019-01-11,Surabaya,34,37,31,50
2019-01-12,Surabaya,17,41,25,41
2019-01-13,Surabaya,34,42,19,20
2019-01-14,Surabaya,37,45,26,48
2019-01-15,Surabaya,18,21,3,42
2019-01-16,Surabaya,23,24,13,4
2019-01-17,Surabaya,21,18,44,47
2019-01-18,Surabaya,2,32,8,19
2019-01-19,Surabaya,20,44,1,42
2019-01-20,Surabaya,33,42,3,30
2019-01-21,Surabaya,18,33,45,12
2019-01-22,Surabaya,41,32,26,48
2019-01-23,Surabaya,42,28,13,44
2019-01-24,Surabaya,38,25,12,45
2019-01-25,Surabaya,50,37,25,36
2019-01-26,Surabaya,12,17,23,16
2019-01-27,Surabaya,38,44,16,7
2019-01-28,Surabaya,50,21,39,32
2019-01-29,Surabaya,14,29,28,45
2019-01-30,Surabaya,15,11,38,12
2019-01-31,Surabaya,1,32,10,21
2019-02-01,Surabaya,42,37,24,28
2019-02-02,Surabaya,6,27,1,20
2019-02-03,Surabaya,33,49,11,50
2019-02-04,Surabaya,13,30,6,28
2019-02-05,Surabaya,10,21,6,42
2019-02-06,Surabaya,41,15,6,40
2019-02-07,Surabaya,28,39,10,20
2019-02-08,Surabaya,25,10,47,13
2019-02-09,Surabaya,24,47,41,45
2019-02-10,Surabaya,39,48,23,28
2019-02-11,Surabaya,9,4,1,10
2019-02-12,Surabaya,20,40,43,7
2019-02-13,Surabaya,22,15,25,41
2019-02-14,Surabaya,44,35,22,47
2019-02-15,Surabaya,26,44,49,10
2019-02-16,Surabaya,1,38,47,2
2019-02-17,Surabaya,42,21,25,7
2019-02-18,Surabaya,13,27,21,34
2019-02-19,Surabaya,40,32,12,3
2019-02-20,Surabaya,7,25,20,42
2019-02-21,Surabaya,23,49,1,32
2019-02-22,Surabaya,16,37,43,15
2019-02-23,Surabaya,16,15,8,24
2019-02-24,Surabaya,16,4,36,16
2019-02-25,Surabaya,50,33,25,28
2019-02-26,Surabaya,30,40,22,42
2019-02-27,Surabaya,5,48,41,39
2019-02-28,Surabaya,3,43,45,44
2019-03-01,Surabaya,4,23,50,2
2019-03-02,Surabaya,21,7,1,48
2019-03-03,Surabaya,49,18,35,41
2019-03-04,Surabaya,20,11,26,6
2019-03-05,Surabaya,32,24,2,25
2019-03-06,Surabaya,7,27,48,15
2019-03-07,Surabaya,43,37,23,28
2019-03-08,Surabaya,37,29,34,35
2019-03-09,Surabaya,7,42,24,44
2019-03-10,Surabaya,49,47,4,15
2019-03-11,Surabaya,9,22,45,17
2019-03-12,Surabaya,42,35,37,50
2019-03-13,Surabaya,50,1,9,40
2019-03-14,Surabaya,9,38,29,48
2019-03-15,Surabaya,26,6,10,12
2019-03-16,Surabaya,29,23,30,14
2019-03-17,Surabaya,16,8,38,26
2019-03-18,Surabaya,49,37,32,29
2019-03-19,Surabaya,32,39,10,22
2019-03-20,Surabaya,1,7,2,4
2019-03-21,Surabaya,38,11,1,31
2019-03-22,Surabaya,6,42,34,2
2019-03-23,Surabaya,21,16,15,37
2019-03-24,Surabaya,4,34,34,34
2019-03-25,Surabaya,44,45,21,45
2019-03-26,Surabaya,2,32,19,33
2019-03-27,Surabaya,28,14,36,14
2019-03-28,Surabaya,14,49,29,14
2019-03-29,Surabaya,30,13,23,47
2019-03-30,Surabaya,32,35,11,7
2019-03-31,Surabaya,50,50,8,4
2019-04-01,Surabaya,23,20,37,28
2019-04-02,Surabaya,21,24,11,31
2019-04-03,Surabaya,46,40,36,41
2019-04-04,Surabaya,14,48,22,21
2019-04-05,Surabaya,22,36,33,32
2019-04-06,Surabaya,35,12,22,19
2019-04-07,Surabaya,2,41,12,11
2019-04-08,Surabaya,18,36,5,50
2019-04-09,Surabaya,12,17,32,25
2019-04-10,Surabaya,21,39,10,27
2019-04-11,Surabaya,27,40,5,6
2019-04-12,Surabaya,18,4,47,48
2019-04-13,Surabaya,15,39,19,17
2019-04-14,Surabaya,38,4,31,45
2019-04-15,Surabaya,12,22,15,30
2019-04-16,Surabaya,7,37,26,47
2019-04-17,Surabaya,21,1,15,11
2019-04-18,Surabaya,11,6,14,40
2019-04-19,Surabaya,1,31,22,1
2019-04-20,Surabaya,40,42,29,35
2019-04-21,Surabaya,10,14,36,39
2019-04-22,Surabaya,2,36,10,35
2019-04-23,Surabaya,11,41,9,44
2019-04-24,Surabaya,34,47,35,12
2019-04-25,Surabaya,37,16,8,7
2019-04-26,Surabaya,30,27,47,21
2019-04-27,Surabaya,50,38,41,2
2019-04-28,Surabaya,1,8,34,12
2019-04-29,Surabaya,37,10,36,2
2019-04-30,Surabaya,11,50,36,12
2019-05-01,Surabaya,40,1,37,6
2019-05-02,Surabaya,31,21,36,3
2019-05-03,Surabaya,48,14,38,26
2019-05-04,Surabaya,49,45,45,33
2019-05-05,Surabaya,7,29,35,48
2019-05-06,Surabaya,3,35,27,23
2019-05-07,Surabaya,4,15,15,13
2019-05-08,Surabaya,48,35,29,40
2019-05-09,Surabaya,45,3,11,24
2019-05-10,Surabaya,22,14,16,18
2019-05-11,Surabaya,20,42,46,15
2019-05-12,Surabaya,19,10,46,2
2019-05-13,Surabaya,34,44,8,32
2019-05-14,Surabaya,26,26,20,21
2019-05-15,Surabaya,45,24,15,19
2019-05-16,Surabaya,15,13,18,31
2019-05-17,Surabaya,6,18,23,22
2019-05-18,Surabaya,11,5,20,27
2019-05-19,Surabaya,30,47,5,28
2019-05-20,Surabaya,24,19,1,45
2019-05-21,Surabaya,44,29,30,18
2019-05-22,Surabaya,45,25,14,15
2019-05-23,Surabaya,19,32,43,8
2019-05-24,Surabaya,27,48,26,15
2019-05-25,Surabaya,35,9,36,31
2019-05-26,Surabaya,21,21,22,10
2019-05-27,Surabaya,20,26,33,13
2019-05-28,Surabaya,39,13,31,2
2019-05-29,Surabaya,7,9,17,27
2019-05-30,Surabaya,44,4,31,23
2019-05-31,Surabaya,48,13,6,42
2019-06-01,Surabaya,39,22,27,37
2019-06-02,Surabaya,34,41,43,41
2019-06-03,Surabaya,20,20,4,32
2019-06-04,Surabaya,27,41,1,10
2019-06-05,Surabaya,36,15,10,23
2019-06-06,Surabaya,12,45,20,50
2019-06-07,Surabaya,6,31,30,46
2019-06-08,Surabaya,43,39,27,45
2019-06-09,Surabaya,1,11,16,34
2019-06-10,Surabaya,27,48,4,5
2019-06-11,Surabaya,43,36,14,30
2019-06-12,Surabaya,5,9,7,41
2019-06-13,Surabaya,32,44,46,24
2019-06-14,Surabaya,4,42,23,24
2019-06-15,Surabaya,33,27,5,31
2019-06-16,Surabaya,19,20,47,25
2019-06-17,Surabaya,44,7,31,16
2019-06-18,Surabaya,24,19,45,28
2019-06-19,Surabaya,17,18,11,48
2019-06-20,Surabaya,32,40,28,10
2019-06-21,Surabaya,9,14,10,20
2019-06-22,Surabaya,45,18,49,41
2019-06-23,Surabaya,39,44,46,47
2019-06-24,Surabaya,20,8,39,21
2019-06-25,Surabaya,47,3,9,45
2019-06-26,Surabaya,31,10,19,8
2019-06-27,Surabaya,13,5,44,10
2019-06-28,Surabaya,11,27,36,9
2019-06-29,Surabaya,47,31,10,31
2019-06-30,Surabaya,46,19,22,17
2019-07-01,Surabaya,41,14,46,2
2019-07-02,Surabaya,49,45,21,42
2019-07-03,Surabaya,15,38,19,31
2019-07-04,Surabaya,20,10,22,32
2019-07-05,Surabaya,43,9,46,31
2019-07-06,Surabaya,49,42,10,24
2019-07-07,Surabaya,10,17,42,48
2019-07-08,Surabaya,15,8,37,46
2019-07-09,Surabaya,6,19,46,29
2019-07-10,Surabaya,21,8,8,20
2019-07-11,Surabaya,26,49,1,23
2019-07-12,Surabaya,28,6,10,5
2019-07-13,Surabaya,27,13,37,46
2019-07-14,Surabaya,6,19,1,17
2019-07-15,Surabaya,43,25,13,15
2019-07-16,Surabaya,28,36,45,33
2019-07-17,Surabaya,49,14,27,3
2019-07-18,Surabaya,1,25,8,21
2019-07-19,Surabaya,5,10,35,48
2019-07-20,Surabaya,19,43,2,45
2019-07-21,Surabaya,46,44,20,18
2019-07-22,Surabaya,9,47,42,28
2019-07-23,Surabaya,40,46,13,46
2019-07-24,Surabaya,44,15,26,29
2019-07-25,Surabaya,18,37,43,45
2019-07-26,Surabaya,35,34,18,37
2019-07-27,Surabaya,33,26,16,1
2019-07-28,Surabaya,26,1,27,32
2019-07-29,Surabaya,12,32,33,40
2019-07-30,Surabaya,40,13,32,50
2019-07-31,Surabaya,18,25,45,46
2019-08-01,Surabaya,47,8,8,48
2019-08-02,Surabaya,49,24,45,3
2019-08-03,Surabaya,49,1,24,14
2019-08-04,Surabaya,29,15,2,39
2019-08-05,Surabaya,36,26,49,32
2019-08-06,Surabaya,28,29,6,36
2019-08-07,Surabaya,37,45,11,39
2019-08-08,Surabaya,5,14,46,34
2019-08-09,Surabaya,19,40,15,4
2019-08-10,Surabaya,47,25,34,26
2019-08-11,Surabaya,40,17,40,25
2019-08-12,Surabaya,20,49,6,4
2019-08-13,Surabaya,15,20,10,22
2019-08-14,Surabaya,28,24,20,16
2019-08-15,Surabaya,36,38,26,22
2019-08-16,Surabaya,9,6,28,9
2019-08-17,Surabaya,12,14,22,12
2019-08-18,Surabaya,46,13,1,43
2019-08-19,Surabaya,12,21,37,1
2019-08-20,Surabaya,49,13,20,29
2019-08-21,Surabaya,10,25,7,33
2019-08-22,Surabaya,7,36,35,1
2019-08-23,Surabaya,32,5,12,34
2019-08-24,Surabaya,6,28,46,40
2019-08-25,Surabaya,43,41,25,7
2019-08-26,Surabaya,34,38,10,15
2019-08-27,Surabaya,15,45,6,7
2019-08-28,Surabaya,3,14,20,22
2019-08-29,Surabaya,28,41,35,25
2019-08-30,Surabaya,19,5,11,39
2019-08-31,Surabaya,11,46,10,24
2019-09-01,Surabaya,24,17,39,26
2019-09-02,Surabaya,6,6,9,30
2019-09-03,Surabaya,49,32,3,38
2019-09-04,Surabaya,14,32,47,20
2019-09-05,Surabaya,30,38,4,25
2019-09-06,Surabaya,42,7,39,34
2019-09-07,Surabaya,18,22,2,9
2019-09-08,Surabaya,21,6,14,2
2019-09-09,Surabaya,20,24,49,17
2019-09-10,Surabaya,10,6,25,14
2019-09-11,Surabaya,14,44,41,50
2019-09-12,Surabaya,50,44,36,34
2019-09-13,Surabaya,49,17,26,25
2019-09-14,Surabaya,3,18,25,14
2019-09-15,Surabaya,34,6,34,41
2019-09-16,Surabaya,36,48,16,28
2019-09-17,Surabaya,37,2,1,42
2019-09-18,Surabaya,32,11,7,40
2019-09-19,Surabaya,38,12,3,4
2019-09-20,Surabaya,17,16,36,47
2019-09-21,Surabaya,34,29,15,16
2019-09-22,Surabaya,2,49,38,19
2019-09-23,Surabaya,48,37,12,39
2019-09-24,Surabaya,16,30,42,45
2019-09-25,Surabaya,16,27,20,37
2019-09-26,Surabaya,30,31,24,38
2019-09-27,Surabaya,13,2,37,46
2019-09-28,Surabaya,38,4,18,1
2019-09-29,Surabaya,21,39,7,9
2019-09-30,Surabaya,6,18,38,2
2019-10-01,Surabaya,21,7,23,44
2019-10-02,Surabaya,15,24,30,19
2019-10-03,Surabaya,41,16,23,45
2019-10-04,Surabaya,21,17,21,35
2019-10-05,Surabaya,24,10,40,2
2019-10-06,Surabaya,35,44,8,18
2019-10-07,Surabaya,23,7,12,14
2019-10-08,Surabaya,50,1,5,21
2019-10-09,Surabaya,37,21,26,44
2019-10-10,Surabaya,45,42,34,14
2019-10-11,Surabaya,32,4,35,11
2019-10-12,Surabaya,40,16,30,19
2019-10-13,Surabaya,26,38,49,9
2019-10-14,Surabaya,10,17,20,21
2019-10-15,Surabaya,38,6,44,33
2019-10-16,Surabaya,44,7,1,24
2019-10-17,Surabaya,10,21,11,20
2019-10-18,Surabaya,43,5,42,49
2019-10-19,Surabaya,42,47,34,18
2019-10-20,Surabaya,36,5,15,31
2019-10-21,Surabaya,20,20,32,22
2019-10-22,Surabaya,50,30,35,36
2019-10-23,Surabaya,43,17,33,11
2019-10-24,Surabaya,24,3,30,40
2019-10-25,Surabaya,50,25,1,4
2019-10-26,Surabaya,7,44,25,47
2019-10-27,Surabaya,42,13,43,41
2019-10-28,Surabaya,7,41,36,23
2019-10-29,Surabaya,47,28,31,44
2019-10-30,Surabaya,21,49,24,30
2019-10-31,Surabaya,49,9,7,24
2019-11-01,Surabaya,40,19,15,9
2019-11-02,Surabaya,22,2,43,6
2019-11-03,Surabaya,35,16,20,46
2019-11-04,Surabaya,5,27,36,1
2019-11-05,Surabaya,35,17,35,27
2019-11-06,Surabaya,5,42,31,25
2019-11-07,Surabaya,41,49,31,13
2019-11-08,Surabaya,15,25,5,9
2019-11-09,Surabaya,15,2,47,31
2019-11-10,Surabaya,36,13,43,12
2019-11-11,Surabaya,41,30,40,3
2019-11-12,Surabaya,7,21,20,21
2019-11-13,Surabaya,34,13,19,28
2019-11-14,Surabaya,26,33,16,3
2019-11-15,Surabaya,45,23,7,39
2019-11-16,Surabaya,9,44,28,12
2019-11-17,Surabaya,10,37,21,21
2019-11-18,Surabaya,15,22,34,49
2019-11-19,Surabaya,21,11,26,18
2019-11-20,Surabaya,10,20,4,26
2019-11-21,Surabaya,50,29,11,47
2019-11-22,Surabaya,2,2,21,42
2019-11-23,Surabaya,39,12,23,18
2019-11-24,Surabaya,33,38,44,34
2019-11-25,Surabaya,6,50,34,48
2019-11-26,Surabaya,16,35,45,50
2019-11-27,Surabaya,31,26,39,45
2019-11-28,Surabaya,31,14,3,30
2019-11-29,Surabaya,47,22,26,45
2019-11-30,Surabaya,5,36,19,16
2019-12-01,Surabaya,13,17,11,8
2019-12-02,Surabaya,9,13,48,32
2019-12-03,Surabaya,9,34,30,4
2019-12-04,Surabaya,37,33,20,4
2019-12-05,Surabaya,15,29,21,4
2019-12-06,Surabaya,31,33,50,7
2019-12-07,Surabaya,4,19,33,29
2019-12-08,Surabaya,12,36,30,13
2019-12-09,Surabaya,37,17,50,43
2019-12-10,Surabaya,30,13,44,33
2019-12-11,Surabaya,40,17,49,7
2019-12-12,Surabaya,38,48,37,44
2019-12-13,Surabaya,1,27,45,9
2019-12-14,Surabaya,50,4,14,14
2019-12-15,Surabaya,49,40,27,32
2019-12-16,Surabaya,9,34,24,15
2019-12-17,Surabaya,1,27,1,10
2019-12-18,Surabaya,42,14,10,33
2019-12-19,Surabaya,32,26,11,47
2019-12-20,Surabaya,24,35,41,50
2019-12-21,Surabaya,34,17,17,16
2019-12-22,Surabaya,11,45,24,31
2019-12-23,Surabaya,14,22,42,23
2019-12-24,Surabaya,26,39,21,49
2019-12-25,Surabaya,11,19,17,37
2019-12-26,Surabaya,10,20,10,36
2019-12-27,Surabaya,8,18,27,46
2019-12-28,Surabaya,45,33,1,25
2019-12-29,Surabaya,13,29,19,35
2019-12-30,Surabaya,31,13,7,29
2019-12-31,Surabaya,25,9,35,11
2020-01-01,Surabaya,3,32,21,35
2020-01-02,Surabaya,15,37,45,36
2020-01-03,Surabaya,3,31,49,22
2020-01-04,Surabaya,47,6,21,15
2020-01-05,Surabaya,7,31,18,44
2020-01-06,Surabaya,31,21,19,20
2020-01-07,Surabaya,1,21,34,31
2020-01-08,Surabaya,19,47,38,43
2020-01-09,Surabaya,23,42,38,24
2020-01-10,Surabaya,19,30,43,4
2020-01-11,Surabaya,29,41,32,23
2020-01-12,Surabaya,46,45,7,47
2020-01-13,Surabaya,33,49,24,9
2020-01-14,Surabaya,36,14,12,7
2020-01-15,Surabaya,7,32,10,39
2020-01-16,Surabaya,1,12,12,36
2020-01-17,Surabaya,2,40,23,1
2020-01-18,Surabaya,36,48,15,32
2020-01-19,Surabaya,4,31,39,1
2020-01-20,Surabaya,11,38,11,7
2020-01-21,Surabaya,10,6,30,48
2020-01-22,Surabaya,22,16,24,11
2020-01-23,Surabaya,42,26,21,37
2020-01-24,Surabaya,39,47,15,2
2020-01-25,Surabaya,8,7,13,24
2020-01-26,Surabaya,8,27,43,50
2020-01-27,Surabaya,15,37,18,17
2020-01-28,Surabaya,9,10,12,20
2020-01-29,Surabaya,15,38,14,22
2020-01-30,Surabaya,10,36,44,35
2020-01-31,Surabaya,19,49,16,38
2020-02-01,Surabaya,12,20,10,39
2020-02-02,Surabaya,36,6,42,35
2020-02-03,Surabaya,50,8,47,6
2020-02-04,Surabaya,34,49,14,8
2020-02-05,Surabaya,47,48,48,50
2020-02-06,Surabaya,6,50,22,27
2020-02-07,Surabaya,7,25,29,26
2020-02-08,Surabaya,31,49,17,3
2020-02-09,Surabaya,19,9,37,27
2020-02-10,Surabaya,41,33,23,2
2020-02-11,Surabaya,27,31,43,22
2020-02-12,Surabaya,49,47,38,13
2020-02-13,Surabaya,16,32,35,38
2020-02-14,Surabaya,33,38,14,45
2020-02-15,Surabaya,3,18,14,40
2020-02-16,Surabaya,33,18,48,26
2020-02-17,Surabaya,4,33,26,25
2020-02-18,Surabaya,38,42,11,40
2020-02-19,Surabaya,48,19,15,49
2020-02-20,Surabaya,20,25,33,35
2020-02-21,Surabaya,34,40,44,12
2020-02-22,Surabaya,4,33,47,47
2020-02-23,Surabaya,17,17,8,30
2020-02-24,Surabaya,24,34,12,9
2020-02-25,Surabaya,16,49,41,26
2020-02-26,Surabaya,31,41,33,33
2020-02-27,Surabaya,28,12,10,42
2020-02-28,Surabaya,37,18,48,21
2020-02-29,Surabaya,34,6,29,23
2020-03-01,Surabaya,37,4,5,23
2020-03-02,Surabaya,9,22,49,44
2020-03-03,Surabaya,32,41,2,5
2020-03-04,Surabaya,22,31,17,19
2020-03-05,Surabaya,21,15,13,9
2020-03-06,Surabaya,28,37,21,14
2020-03-07,Surabaya,42,16,7,22
2020-03-08,Surabaya,40,25,33,33
2020-03-09,Surabaya,35,7,1,1
2020-03-10,Surabaya,5,28,5,23
2020-03-11,Surabaya,20,2,49,18
2020-03-12,Surabaya,12,16,10,45
2020-03-13,Surabaya,47,31,13,6
2020-03-14,Surabaya,14,46,10,49
2020-03-15,Surabaya,34,30,25,45
2020-03-16,Surabaya,27,37,8,29
2020-03-17,Surabaya,27,26,29,48
2020-03-18,Surabaya,30,44,36,22
2020-03-19,Surabaya,27,47,7,36
2020-03-20,Surabaya,5,25,3,34
2020-03-21,Surabaya,8,5,30,25
2020-03-22,Surabaya,44,38,31,1
2020-03-23,Surabaya,12,31,43,27
2020-03-24,Surabaya,46,18,5,1
2020-03-25,Surabaya,1,23,47,15
2020-03-26,Surabaya,35,48,21,49
2020-03-27,Surabaya,21,42,35,36
2020-03-28,Surabaya,40,5,9,6
2020-03-29,Surabaya,50,39,22,9
2020-03-30,Surabaya,4,3,20,5
2020-03-31,Surabaya,18,12,33,44
2020-04-01,Surabaya,2,19,50,32
2020-04-02,Surabaya,19,38,14,26
2020-04-03,Surabaya,32,34,17,6
2020-04-04,Surabaya,25,21,39,2
2020-04-05,Surabaya,9,37,40,37
2020-04-06,Surabaya,31,9,33,12
2020-04-07,Surabaya,38,24,11,5
2020-04-08,Surabaya,34,27,25,27
2020-04-09,Surabaya,33,12,5,1
2020-04-10,Surabaya,20,41,24,5
2020-04-11,Surabaya,22,38,49,47
2020-04-12,Surabaya,10,36,16,15
2020-04-13,Surabaya,9,28,4,4
2020-04-14,Surabaya,37,7,5,44
2020-04-15,Surabaya,46,7,28,13
2020-04-16,Surabaya,22,17,21,20
2020-04-17,Surabaya,24,13,36,19
2020-04-18,Surabaya,40,11,19,50
2020-04-19,Surabaya,29,26,15,15
2020-04-20,Surabaya,49,3,13,38
2020-04-21,Surabaya,2,1,25,39
2020-04-22,Surabaya,8,40,12,21
2020-04-23,Surabaya,46,40,30,48
2020-04-24,Surabaya,2,4,46,32
2020-04-25,Surabaya,3,49,48,35
2020-04-26,Surabaya,7,3,17,18
2020-04-27,Surabaya,37,31,5,44
2020-04-28,Surabaya,11,20,41,46
2020-04-29,Surabaya,42,23,35,39
2020-04-30,Surabaya,9,34,32,20
2020-05-01,Surabaya,48,41,14,10
2020-05-02,Surabaya,1,20,8,23
2020-05-03,Surabaya,47,35,1,24
2020-05-04,Surabaya,2,11,17,16
2020-05-05,Surabaya,44,41,10,47
2020-05-06,Surabaya,32,13,8,6
2020-05-07,Surabaya,34,18,37,29
2020-05-08,Surabaya,50,22,28,50
2020-05-09,Surabaya,48,15,46,30
2020-05-10,Surabaya,50,30,50,6
2020-05-11,Surabaya,44,3,13,24
2020-05-12,Surabaya,6,6,17,41
2020-05-13,Surabaya,48,31,1,12
2020-05-14,Surabaya,17,10,13,4
2020-05-15,Surabaya,38,29,17,6
2020-05-16,Surabaya,22,45,16,13
2020-05-17,Surabaya,46,48,15,15
2020-05-18,Surabaya,7,37,45,27
2020-05-19,Surabaya,5,24,47,12
2020-05-20,Surabaya,27,46,40,34
2020-05-21,Surabaya,14,49,39,13
2020-05-22,Surabaya,37,30,16,6
2020-05-23,Surabaya,36,50,10,22
2020-05-24,Surabaya,13,19,25,25
2020-05-25,Surabaya,18,33,4,49
2020-05-26,Surabaya,8,37,30,8
2020-05-27,Surabaya,12,6,41,1
2020-05-28,Surabaya,39,1,41,2
2020-05-29,Surabaya,9,44,7,45
2020-05-30,Surabaya,12,22,19,44
2020-05-31,Surabaya,6,46,17,34
2020-06-01,Surabaya,44,12,3,49
2020-06-02,Surabaya,47,31,10,48
2020-06-03,Surabaya,18,26,10,29
2020-06-04,Surabaya,19,2,12,40
2020-06-05,Surabaya,5,32,18,8
2020-06-06,Surabaya,12,45,21,20
2020-06-07,Surabaya,39,36,21,12
2020-06-08,Surabaya,37,5,30,49
2020-06-09,Surabaya,10,2,31,33
2020-06-10,Surabaya,39,11,42,48
2020-06-11,Surabaya,15,1,49,37
2020-06-12,Surabaya,33,27,14,31
2020-06-13,Surabaya,15,10,13,13
2020-06-14,Surabaya,27,41,37,45
2020-06-15,Surabaya,6,4,12,39
2020-06-16,Surabaya,16,26,1,33
2020-06-17,Surabaya,10,25,9,43
2020-06-18,Surabaya,35,20,9,33
2020-06-19,Surabaya,20,11,10,2
2020-06-20,Surabaya,17,46,23,24
2020-06-21,Surabaya,31,38,3,15
2020-06-22,Surabaya,44,23,37,1
2020-06-23,Surabaya,38,14,42,38
2020-06-24,Surabaya,11,38,44,19
2020-06-25,Surabaya,40,7,42,29
2020-06-26,Surabaya,5,22,23,23
2020-06-27,Surabaya,17,28,46,44
2020-06-28,Surabaya,25,39,21,46
2020-06-29,Surabaya,18,5,24,10
2020-06-30,Surabaya,1,15,12,9
2020-07-01,Surabaya,3,5,41,1
2020-07-02,Surabaya,12,17,8,11
2020-07-03,Surabaya,36,29,41,9
2020-07-04,Surabaya,5,40,18,3
2020-07-05,Surabaya,39,37,30,9
2020-07-06,Surabaya,20,42,5,38
2020-07-07,Surabaya,18,25,1,36
2020-07-08,Surabaya,4,48,7,41
2020-07-09,Surabaya,22,33,10,27
2020-07-10,Surabaya,23,33,12,38
2020-07-11,Surabaya,7,48,31,14
2020-07-12,Surabaya,1,29,16,43
2020-07-13,Surabaya,33,49,12,34
2020-07-14,Surabaya,28,38,33,45
2020-07-15,Surabaya,12,30,37,49
2020-07-16,Surabaya,30,43,22,34
2020-07-17,Surabaya,32,30,23,36
2020-07-18,Surabaya,31,32,28,7
2020-07-19,Surabaya,11,43,20,15
2020-07-20,Surabaya,28,46,45,2
2020-07-21,Surabaya,47,9,8,12
2020-07-22,Surabaya,29,41,29,27
2020-07-23,Surabaya,9,14,37,25
2020-07-24,Surabaya,45,7,48,45
2020-07-25,Surabaya,35,22,25,37
2020-07-26,Surabaya,28,42,10,25
2020-07-27,Surabaya,41,34,19,15
2020-07-28,Surabaya,1,27,5,31
2020-07-29,Surabaya,11,29,17,7
2020-07-30,Surabaya,18,7,40,49
2020-07-31,Surabaya,12,43,10,13
2020-08-01,Surabaya,24,10,1,48
2020-08-02,Surabaya,45,43,28,16
2020-08-03,Surabaya,42,31,33,12
2020-08-04,Surabaya,7,16,38,11
2020-08-05,Surabaya,26,10,15,3
2020-08-06,Surabaya,32,45,46,39
2020-08-07,Surabaya,39,19,42,6
2020-08-08,Surabaya,31,47,14,26
2020-08-09,Surabaya,41,25,43,13
2020-08-10,Surabaya,37,12,22,9
2020-08-11,Surabaya,25,11,10,1
2020-08-12,Surabaya,35,31,32,25
2020-08-13,Surabaya,26,3,46,8
2020-08-14,Surabaya,33,18,20,28
2020-08-15,Surabaya,23,20,45,39
2020-08-16,Surabaya,10,3,27,24
2020-08-17,Surabaya,13,41,29,29
2020-08-18,Surabaya,48,3,6,32
2020-08-19,Surabaya,48,49,21,8
2020-08-20,Surabaya,47,28,30,21
2020-08-21,Surabaya,16,21,37,16
2020-08-22,Surabaya,21,30,47,1
2020-08-23,Surabaya,20,4,7,45
2020-08-24,Surabaya,46,23,48,40
2020-08-25,Surabaya,5,38,26,3
2020-08-26,Surabaya,12,4,50,2
2020-08-27,Surabaya,26,27,21,25
2020-08-28,Surabaya,26,11,9,43
2020-08-29,Surabaya,13,11,44,1
2020-08-30,Surabaya,18,11,4,38
2020-08-31,Surabaya,29,3,24,37
2020-09-01,Surabaya,36,29,47,9
2020-09-02,Surabaya,25,30,41,22
2020-09-03,Surabaya,14,29,27,32
2020-09-04,Surabaya,12,35,14,23
2020-09-05,Surabaya,25,23,21,13
2020-09-06,Surabaya,16,35,41,11
2020-09-07,Surabaya,38,35,9,18
2020-09-08,Surabaya,22,24,19,30
2020-09-09,Surabaya,43,35,10,12
2020-09-10,Surabaya,24,13,7,12
2020-09-11,Surabaya,25,27,20,16
2020-09-12,Surabaya,38,44,43,37
2020-09-13,Surabaya,47,3,45,10
2020-09-14,Surabaya,47,26,5,6
2020-09-15,Surabaya,21,40,29,22
2020-09-16,Surabaya,27,8,34,47
2020-09-17,Surabaya,4,27,6,25
2020-09-18,Surabaya,20,18,34,7
2020-09-19,Surabaya,40,41,35,14
2020-09-20,Surabaya,29,2,34,46
2020-09-21,Surabaya,13,40,38,6
2020-09-22,Surabaya,29,35,11,13
2020-09-23,Surabaya,25,8,27,12
2020-09-24,Surabaya,27,15,4,22
2020-09-25,Surabaya,9,5,26,37
2020-09-26,Surabaya,3,1,3,47
2020-09-27,Surabaya,47,13,25,27
2020-09-28,Surabaya,27,44,12,39
2020-09-29,Surabaya,11,49,35,23
2020-09-30,Surabaya,16,21,39,30
2020-10-01,Surabaya,33,23,37,17
2020-10-02,Surabaya,4,9,3,17
2020-10-03,Surabaya,28,2,37,48
2020-10-04,Surabaya,12,23,37,4
2020-10-05,Surabaya,20,5,50,34
2020-10-06,Surabaya,6,24,36,40
2020-10-07,Surabaya,27,22,23,18
2020-10-08,Surabaya,39,36,16,31
2020-10-09,Surabaya,33,26,30,31
2020-10-10,Surabaya,50,48,49,26
2020-10-11,Surabaya,8,45,28,4
2020-10-12,Surabaya,30,50,14,24
2020-10-13,Surabaya,33,8,6,6
2020-10-14,Surabaya,41,48,20,24
2020-10-15,Surabaya,18,50,2,10
2020-10-16,Surabaya,23,16,18,16
2020-10-17,Surabaya,28,47,29,11
2020-10-18,Surabaya,47,10,18,14
2020-10-19,Surabaya,33,15,28,17
2020-10-20,Surabaya,23,26,5,35
2020-10-21,Surabaya,33,49,36,21
2020-10-22,Surabaya,44,47,27,3
2020-10-23,Surabaya,11,11,3,50
2020-10-24,Surabaya,47,37,24,1
2020-10-25,Surabaya,18,47,10,31
2020-10-26,Surabaya,14,44,47,41
2020-10-27,Surabaya,8,50,31,4
2020-10-28,Surabaya,50,13,6,33
2020-10-29,Surabaya,41,26,47,35
2020-10-30,Surabaya,30,42,8,13
2020-10-31,Surabaya,20,28,27,46
2020-11-01,Surabaya,38,45,40,14
2020-11-02,Surabaya,8,23,20,25
2020-11-03,Surabaya,21,5,36,45
2020-11-04,Surabaya,43,8,15,33
2020-11-05,Surabaya,27,33,39,13
2020-11-06,Surabaya,44,18,43,12
2020-11-07,Surabaya,18,31,7,13
2020-11-08,Surabaya,34,34,3,29
2020-11-09,Surabaya,7,46,20,41
2020-11-10,Surabaya,32,24,28,43
2020-11-11,Surabaya,21,12,49,49
2020-11-12,Surabaya,32,41,29,22
2020-11-13,Surabaya,37,7,15,50
2020-11-14,Surabaya,33,20,29,19
2020-11-15,Surabaya,40,38,24,32
2020-11-16,Surabaya,20,4,7,35
2020-11-17,Surabaya,13,25,22,12
2020-11-18,Surabaya,47,39,38,1
2020-11-19,Surabaya,3,12,45,1
2020-11-20,Surabaya,9,31,20,25
2020-11-21,Surabaya,13,25,47,33
2020-11-22,Surabaya,16,38,44,24
2020-11-23,Surabaya,17,46,5,5
2020-11-24,Surabaya,27,43,43,25
2020-11-25,Surabaya,49,41,43,1
2020-11-26,Surabaya,28,4,37,37
2020-11-27,Surabaya,30,46,46,36
2020-11-28,Surabaya,36,18,11,29
2020-11-29,Surabaya,47,19,28,31
2020-11-30,Surabaya,48,48,18,44
2020-12-01,Surabaya,48,34,6,15
2020-12-02,Surabaya,26,44,49,9
2020-12-03,Surabaya,47,26,14,47
2020-12-04,Surabaya,33,30,31,48
2020-12-05,Surabaya,15,12,15,30
2020-12-06,Surabaya,50,25,8,35
2020-12-07,Surabaya,37,4,33,34
2020-12-08,Surabaya,8,7,12,42
2020-12-09,Surabaya,3,35,40,11
2020-12-10,Surabaya,4,25,48,34
2020-12-11,Surabaya,47,12,12,32
2020-12-12,Surabaya,20,31,2,5
2020-12-13,Surabaya,48,4,39,21
2020-12-14,Surabaya,41,40,18,30
2020-12-15,Surabaya,48,16,16,19
2020-12-16,Surabaya,27,18,25,11
2020-12-17,Surabaya,41,5,26,43
2020-12-18,Surabaya,15,10,39,3
2020-12-19,Surabaya,10,34,33,35
2020-12-20,Surabaya,29,14,45,27
2020-12-21,Surabaya,42,47,8,20
2020-12-22,Surabaya,11,41,18,29
2020-12-23,Surabaya,12,44,3,4
2020-12-24,Surabaya,42,8,23,24
2020-12-25,Surabaya,14,26,12,28
2020-12-26,Surabaya,16,45,35,35
2020-12-27,Surabaya,37,9,24,45
2020-12-28,Surabaya,11,46,28,17
2020-12-29,Surabaya,50,32,1,15
2020-12-30,Surabaya,44,40,12,2
2020-12-31,Surabaya,19,39,35,49
2021-01-01,Surabaya,13,4,5,10
2021-01-02,Surabaya,39,5,27,25
2021-01-03,Surabaya,43,38,10,47
2021-01-04,Surabaya,2,2,6,5
2021-01-05,Surabaya,40,41,8,41
2021-01-06,Surabaya,31,39,7,9
2021-01-07,Surabaya,42,32,36,31
2021-01-08,Surabaya,48,32,50,34
2021-01-09,Surabaya,26,2,1,41
2021-01-10,Surabaya,24,11,17,49
2021-01-11,Surabaya,5,36,42,46
2021-01-12,Surabaya,37,43,19,2
2021-01-13,Surabaya,20,13,18,47
2021-01-14,Surabaya,35,13,23,1
2021-01-15,Surabaya,14,34,3,9
2021-01-16,Surabaya,25,14,18,7
2021-01-17,Surabaya,38,26,42,10
2021-01-18,Surabaya,38,22,50,22
2021-01-19,Surabaya,30,45,50,36
2021-01-20,Surabaya,35,38,32,17
2021-01-21,Surabaya,18,45,14,10
2021-01-22,Surabaya,27,2,47,23
2021-01-23,Surabaya,44,5,33,24
2021-01-24,Surabaya,4,3,23,27
2021-01-25,Surabaya,20,48,25,43
2021-01-26,Surabaya,33,48,21,29
2021-01-27,Surabaya,29,27,33,8
2021-01-28,Surabaya,14,9,45,32
2021-01-29,Surabaya,25,49,23,36
2021-01-30,Surabaya,13,47,8,4
2021-01-31,Surabaya,43,33,33,1
2021-02-01,Surabaya,47,42,32,32
2021-02-02,Surabaya,22,13,33,19
2021-02-03,Surabaya,23,30,15,22
2021-02-04,Surabaya,20,16,37,25
2021-02-05,Surabaya,18,24,19,35
2021-02-06,Surabaya,28,3,43,41
2021-02-07,Surabaya,38,49,23,17
2021-02-08,Surabaya,18,23,36,13
2021-02-09,Surabaya,49,19,50,48
2021-02-10,Surabaya,41,40,7,21
2021-02-11,Surabaya,50,10,31,5
2021-02-12,Surabaya,29,9,48,48
2021-02-13,Surabaya,44,9,23,26
2021-02-14,Surabaya,20,33,30,25
2021-02-15,Surabaya,36,28,9,26
2021-02-16,Surabaya,47,50,35,12
2021-02-17,Surabaya,29,22,7,42
2021-02-18,Surabaya,23,26,13,16
2021-02-19,Surabaya,33,2,26,26
2021-02-20,Surabaya,12,37,4,20
2021-02-21,Surabaya,45,3,28,11
2021-02-22,Surabaya,14,11,41,31
2021-02-23,Surabaya,8,5,15,43
2021-02-24,Surabaya,5,33,44,1
2021-02-25,Surabaya,34,11,22,49
2021-02-26,Surabaya,27,19,23,33
2021-02-27,Surabaya,39,8,49,44
2021-02-28,Surabaya,6,11,20,13
2021-03-01,Surabaya,42,33,29,15
2021-03-02,Surabaya,33,25,44,50
2021-03-03,Surabaya,20,38,15,25
2021-03-04,Surabaya,1,36,29,24
2021-03-05,Surabaya,20,33,30,2
2021-03-06,Surabaya,21,10,48,15
2021-03-07,Surabaya,19,44,4,23
2021-03-08,Surabaya,23,34,10,22
2021-03-09,Surabaya,33,21,29,24
2021-03-10,Surabaya,21,3,19,40
2021-03-11,Surabaya,3,24,4,28
2021-03-12,Surabaya,36,18,34,16
2021-03-13,Surabaya,16,15,11,4
2021-03-14,Surabaya,29,12,36,16
2021-03-15,Surabaya,9,34,10,2
2021-03-16,Surabaya,19,30,11,5
2021-03-17,Surabaya,47,45,7,17
2021-03-18,Surabaya,50,26,9,42
2021-03-19,Surabaya,50,22,37,26
2021-03-20,Surabaya,42,28,40,8
2021-03-21,Surabaya,3,30,10,15
2021-03-22,Surabaya,27,34,8,4
2021-03-23,Surabaya,21,25,27,14
2021-03-24,Surabaya,40,11,15,38
2021-03-25,Surabaya,31,42,40,25
2021-03-26,Surabaya,48,47,8,8
2021-03-27,Surabaya,38,26,21,38
2021-03-28,Surabaya,38,39,22,4
2021-03-29,Surabaya,17,29,48,23
2021-03-30,Surabaya,7,18,13,17
2021-03-31,Surabaya,4,20,6,39
2021-04-01,Surabaya,23,44,42,35
2021-04-02,Surabaya,9,29,32,34
2021-04-03,Surabaya,38,37,23,18
2021-04-04,Surabaya,20,43,34,28
2021-04-05,Surabaya,25,8,2,33
2021-04-06,Surabaya,28,26,21,30
2021-04-07,Surabaya,38,43,7,35
2021-04-08,Surabaya,48,22,25,28
2021-04-09,Surabaya,17,8,17,42
2021-04-10,Surabaya,16,4,14,26
2021-04-11,Surabaya,5,16,28,13
2021-04-12,Surabaya,26,30,19,25
2021-04-13,Surabaya,38,9,18,48
2021-04-14,Surabaya,6,13,41,38
2021-04-15,Surabaya,37,27,7,13
2021-04-16,Surabaya,45,10,36,46
2021-04-17,Surabaya,15,8,37,25
2021-04-18,Surabaya,10,36,26,36
2021-04-19,Surabaya,29,34,6,17
2021-04-20,Surabaya,17,5,36,36
2021-04-21,Surabaya,45,3,4,42
2021-04-22,Surabaya,7,23,37,20
2021-04-23,Surabaya,41,20,18,40
2021-04-24,Surabaya,39,46,36,2
2021-04-25,Surabaya,4,5,41,1
2021-04-26,Surabaya,20,27,43,5
2021-04-27,Surabaya,25,5,45,6
2021-04-28,Surabaya,40,13,18,33
2021-04-29,Surabaya,7,41,18,27
2021-04-30,Surabaya,8,6,48,20
2021-05-01,Surabaya,16,24,37,1
2021-05-02,Surabaya,30,34,5,19
2021-05-03,Surabaya,28,37,5,30
2021-05-04,Surabaya,39,46,41,38
2021-05-05,Surabaya,45,20,40,8
2021-05-06,Surabaya,50,24,22,47
2021-05-07,Surabaya,30,41,27,23
2021-05-08,Surabaya,8,10,31,37
2021-05-09,Surabaya,4,40,36,34
2021-05-10,Surabaya,44,19,9,41
2021-05-11,Surabaya,38,35,16,9
2021-05-12,Surabaya,32,43,48,50
2021-05-13,Surabaya,41,29,25,8
2021-05-14,Surabaya,16,46,9,9
2021-05-15,Surabaya,42,18,15,38
2021-05-16,Surabaya,26,17,41,10
2021-05-17,Surabaya,36,36,45,27
2021-05-18,Surabaya,29,9,50,13
2021-05-19,Surabaya,34,22,43,31
2021-05-20,Surabaya,24,29,12,44
2021-05-21,Surabaya,8,49,43,3
2021-05-22,Surabaya,47,45,2,35
2021-05-23,Surabaya,50,1,14,33
2021-05-24,Surabaya,22,41,40,13
2021-05-25,Surabaya,16,38,11,5
2021-05-26,Surabaya,44,21,25,49
2021-05-27,Surabaya,23,34,18,47
2021-05-28,Surabaya,37,16,23,30
2021-05-29,Surabaya,42,27,38,41
2021-05-30,Surabaya,7,33,33,28
2021-05-31,Surabaya,4,4,32,33
2021-06-01,Surabaya,8,22,41,28
2021-06-02,Surabaya,30,30,35,17
2021-06-03,Surabaya,44,2,34,24
2021-06-04,Surabaya,38,10,6,34
2021-06-05,Surabaya,12,13,3,34
2021-06-06,Surabaya,35,11,9,13
2021-06-07,Surabaya,29,18,43,28
2021-06-08,Surabaya,44,38,37,28
2021-06-09,Surabaya,24,49,39,23
2021-06-10,Surabaya,10,50,5,49
2021-06-11,Surabaya,3,3,7,9
2021-06-12,Surabaya,37,48,1,4
2021-06-13,Surabaya,1,23,10,33
2021-06-14,Surabaya,6,20,9,3
2021-06-15,Surabaya,12,14,34,40
2021-06-16,Surabaya,1,36,46,34
2021-06-17,Surabaya,49,30,24,15
2021-06-18,Surabaya,49,40,43,17
2021-06-19,Surabaya,16,44,49,17
2021-06-20,Surabaya,50,24,50,18
2021-06-21,Surabaya,50,49,30,11
2021-06-22,Surabaya,35,33,20,30
2021-06-23,Surabaya,3,6,26,22
2021-06-24,Surabaya,3,31,25,23
2021-06-25,Surabaya,15,30,4,33
2021-06-26,Surabaya,21,21,15,6
2021-06-27,Surabaya,7,5,6,24
2021-06-28,Surabaya,33,12,13,5
2021-06-29,Surabaya,50,1,33,44
2021-06-30,Surabaya,32,15,45,30
2021-07-01,Surabaya,7,8,22,1
2021-07-02,Surabaya,10,20,34,23
2021-07-03,Surabaya,10,42,41,21
2021-07-04,Surabaya,39,25,14,40
2021-07-05,Surabaya,2,7,14,31
2021-07-06,Surabaya,46,43,36,26
2021-07-07,Surabaya,16,4,40,48
2021-07-08,Surabaya,48,30,3,23
2021-07-09,Surabaya,11,48,3,13
2021-07-10,Surabaya,3,9,40,13
2021-07-11,Surabaya,34,11,15,48
2021-07-12,Surabaya,24,25,15,49
2021-07-13,Surabaya,20,1,10,46
2021-07-14,Surabaya,35,17,3,14
2021-07-15,Surabaya,18,21,9,25
2021-07-16,Surabaya,32,45,36,5
2021-07-17,Surabaya,39,50,9,1
2021-07-18,Surabaya,30,27,13,32
2021-07-19,Surabaya,25,42,9,6
2021-07-20,Surabaya,37,50,7,36
2021-07-21,Surabaya,29,25,24,28
2021-07-22,Surabaya,34,49,23,4
2021-07-23,Surabaya,23,23,26,27
2021-07-24,Surabaya,26,25,15,49
2021-07-25,Surabaya,40,14,20,42
2021-07-26,Surabaya,10,16,1,3
2021-07-27,Surabaya,37,34,14,32
2021-07-28,Surabaya,24,10,47,7
2021-07-29,Surabaya,10,42,7,3
2021-07-30,Surabaya,24,13,15,1
2021-07-31,Surabaya,6,2,44,38
2021-08-01,Surabaya,13,13,11,46
2021-08-02,Surabaya,5,39,29,13
2021-08-03,Surabaya,12,8,22,1
2021-08-04,Surabaya,46,6,23,6
2021-08-05,Surabaya,34,5,26,21
2021-08-06,Surabaya,35,47,42,22
2021-08-07,Surabaya,43,4,17,3
2021-08-08,Surabaya,42,5,39,18
2021-08-09,Surabaya,20,11,39,5
2021-08-10,Surabaya,35,28,25,46
2021-08-11,Surabaya,10,34,32,4
2021-08-12,Surabaya,2,8,46,41
2021-08-13,Surabaya,7,1,14,24
2021-08-14,Surabaya,43,39,32,38
2021-08-15,Surabaya,46,11,29,38
2021-08-16,Surabaya,27,43,8,13
2021-08-17,Surabaya,8,38,27,31
2021-08-18,Surabaya,13,25,1,2
2021-08-19,Surabaya,20,43,27,46
2021-08-20,Surabaya,46,45,42,24
2021-08-21,Surabaya,26,37,18,46
2021-08-22,Surabaya,9,31,3,21
2021-08-23,Surabaya,40,36,9,42
2021-08-24,Surabaya,11,46,7,18
2021-08-25,Surabaya,42,29,47,6
2021-08-26,Surabaya,19,7,40,24
2021-08-27,Surabaya,32,41,26,16
2021-08-28,Surabaya,6,5,44,24
2021-08-29,Surabaya,9,46,28,39
2021-08-30,Surabaya,11,23,7,14
2021-08-31,Surabaya,28,4,48,31
2021-09-01,Surabaya,7,13,20,16
2021-09-02,Surabaya,49,18,3,9
2021-09-03,Surabaya,37,45,39,17
2021-09-04,Surabaya,42,12,10,48
2021-09-05,Surabaya,27,36,7,3
2021-09-06,Surabaya,26,9,9,31
2021-09-07,Surabaya,32,26,17,15
2021-09-08,Surabaya,48,41,15,38
2021-09-09,Surabaya,22,17,29,15
2021-09-10,Surabaya,45,25,12,45
2021-09-11,Surabaya,7,46,14,13
2021-09-12,Surabaya,23,49,48,34
2021-09-13,Surabaya,15,25,34,12
2021-09-14,Surabaya,48,50,30,15
2021-09-15,Surabaya,28,11,11,47
2021-09-16,Surabaya,42,29,21,45
2021-09-17,Surabaya,1,10,42,25
2021-09-18,Surabaya,24,49,49,10
2021-09-19,Surabaya,5,43,10,35
2021-09-20,Surabaya,5,7,10,43
2021-09-21,Surabaya,28,20,23,29
2021-09-22,Surabaya,39,2,47,31
2021-09-23,Surabaya,40,33,27,32
2021-09-24,Surabaya,4,23,31,48
2021-09-25,Surabaya,21,2,4,47
2021-09-26,Surabaya,17,26,17,8
2021-09-27,Surabaya,23,32,2,40
2021-09-28,Surabaya,23,16,11,20
2021-09-29,Surabaya,6,2,12,19
2021-09-30,Surabaya,47,25,37,14
2021-10-01,Surabaya,36,46,9,37
2021-10-02,Surabaya,9,40,13,43
2021-10-03,Surabaya,40,3,50,16
2021-10-04,Surabaya,49,7,25,40
2021-10-05,Surabaya,46,14,33,10
2021-10-06,Surabaya,47,23,43,26
2021-10-07,Surabaya,44,36,5,38
2021-10-08,Surabaya,33,29,17,26
2021-10-09,Surabaya,19,15,43,28
2021-10-10,Surabaya,6,34,25,29
2021-10-11,Surabaya,43,2,35,48
2021-10-12,Surabaya,6,27,34,5
2021-10-13,Surabaya,20,27,13,30
2021-10-14,Surabaya,39,22,4,18
2021-10-15,Surabaya,32,10,15,3
2021-10-16,Surabaya,8,14,26,46
2021-10-17,Surabaya,2,31,26,39
2021-10-18,Surabaya,21,1,15,2
2021-10-19,Surabaya,16,39,7,18
2021-10-20,Surabaya,25,4,27,41
2021-10-21,Surabaya,7,8,10,36
2021-10-22,Surabaya,33,1,43,11
2021-10-23,Surabaya,43,28,15,10
2021-10-24,Surabaya,9,1,35,19
2021-10-25,Surabaya,12,33,37,31
2021-10-26,Surabaya,30,35,41,5
2021-10-27,Surabaya,36,41,43,20
2021-10-28,Surabaya,32,32,1,16
2021-10-29,Surabaya,49,40,9,48
2021-10-30,Surabaya,14,15,44,44
2021-10-31,Surabaya,28,26,39,46
2021-11-01,Surabaya,33,12,24,36
2021-11-02,Surabaya,32,40,42,39
2021-11-03,Surabaya,7,3,2,42
2021-11-04,Surabaya,47,43,2,17
2021-11-05,Surabaya,25,12,46,40
2021-11-06,Surabaya,13,32,10,30
2021-11-07,Surabaya,31,34,26,11
2021-11-08,Surabaya,9,2,41,47
2021-11-09,Surabaya,24,38,41,9
2021-11-10,Surabaya,31,38,22,17
2021-11-11,Surabaya,45,13,31,25
2021-11-12,Surabaya,48,33,1,50
2021-11-13,Surabaya,49,44,5,42
2021-11-14,Surabaya,33,19,42,6
2021-11-15,Surabaya,31,37,33,24
2021-11-16,Surabaya,43,40,4,41
2021-11-17,Surabaya,43,35,10,21
2021-11-18,Surabaya,35,24,49,47
2021-11-19,Surabaya,12,23,30,21
2021-11-20,Surabaya,25,28,20,40
2021-11-21,Surabaya,41,3,13,31
2021-11-22,Surabaya,45,29,25,37
2021-11-23,Surabaya,6,3,44,30
2021-11-24,Surabaya,10,50,17,27
2021-11-25,Surabaya,8,36,30,50
2021-11-26,Surabaya,38,49,1,4
2021-11-27,Surabaya,12,24,9,24
2021-11-28,Surabaya,38,8,1,45
2021-11-29,Surabaya,4,39,33,12
2021-11-30,Surabaya,7,45,36,32
2021-12-01,Surabaya,11,9,44,27
2021-12-02,Surabaya,35,14,16,14
2021-12-03,Surabaya,25,44,42,49
2021-12-04,Surabaya,10,30,9,17
2021-12-05,Surabaya,29,26,2,6
2021-12-06,Surabaya,20,5,23,49
2021-12-07,Surabaya,49,36,6,24
2021-12-08,Surabaya,31,15,18,24
2021-12-09,Surabaya,48,37,35,38
2021-12-10,Surabaya,15,38,42,14
2021-12-11,Surabaya,17,33,26,17
2021-12-12,Surabaya,33,3,10,1
2021-12-13,Surabaya,24,11,14,19
2021-12-14,Surabaya,47,13,13,37
2021-12-15,Surabaya,35,1,18,1
2021-12-16,Surabaya,24,6,49,40
2021-12-17,Surabaya,39,45,17,14
2021-12-18,Surabaya,15,33,9,48
2021-12-19,Surabaya,28,41,3,41
2021-12-20,Surabaya,49,20,16,26
2021-12-21,Surabaya,13,46,32,37
2021-12-22,Surabaya,31,38,11,42
2021-12-23,Surabaya,37,46,24,42
2021-12-24,Surabaya,2,18,2,8
2021-12-25,Surabaya,17,39,46,29
2021-12-26,Surabaya,9,41,19,27
2021-12-27,Surabaya,21,21,45,25
2021-12-28,Surabaya,25,3,13,37
2021-12-29,Surabaya,46,25,37,24
2021-12-30,Surabaya,33,42,3,8
2021-12-31,Surabaya,5,3,21,45
2022-01-01,Surabaya,35,36,49,1
2022-01-02,Surabaya,29,30,29,34
2022-01-03,Surabaya,29,4,8,26
2022-01-04,Surabaya,34,45,38,48
2022-01-05,Surabaya,30,2,14,8
2022-01-06,Surabaya,18,44,14,39
2022-01-07,Surabaya,38,35,34,33
2022-01-08,Surabaya,35,22,39,25
2022-01-09,Surabaya,7,14,18,22
2022-01-10,Surabaya,35,50,23,12
2022-01-11,Surabaya,31,3,12,50
2022-01-12,Surabaya,46,39,5,10
2022-01-13,Surabaya,37,24,42,39
2022-01-14,Surabaya,11,11,9,33
2022-01-15,Surabaya,11,33,49,36
2022-01-16,Surabaya,22,5,16,16
2022-01-17,Surabaya,23,23,2,39
2022-01-18,Surabaya,45,34,32,40
2022-01-19,Surabaya,45,18,6,21
2022-01-20,Surabaya,47,12,21,40
2022-01-21,Surabaya,8,21,39,40
2022-01-22,Surabaya,42,49,47,35
2022-01-23,Surabaya,10,49,42,24
2022-01-24,Surabaya,15,8,3,44
2022-01-25,Surabaya,32,33,36,41
2022-01-26,Surabaya,35,37,33,35
2022-01-27,Surabaya,15,29,46,28
2022-01-28,Surabaya,21,25,21,31
2022-01-29,Surabaya,16,28,4,47
2022-01-30,Surabaya,39,33,30,33
2022-01-31,Surabaya,44,3,41,9
2022-02-01,Surabaya,9,28,16,39
2022-02-02,Surabaya,16,23,16,20
2022-02-03,Surabaya,46,43,36,43
2022-02-04,Surabaya,34,21,7,5
2022-02-05,Surabaya,12,22,10,30
2022-02-06,Surabaya,31,17,41,41
2022-02-07,Surabaya,46,33,38,38
2022-02-08,Surabaya,25,3,40,26
2022-02-09,Surabaya,47,5,38,22
2022-02-10,Surabaya,31,28,19,17
2022-02-11,Surabaya,40,14,14,26
2022-02-12,Surabaya,1,15,11,5
2022-02-13,Surabaya,21,17,9,27
2022-02-14,Surabaya,16,38,25,25
2022-02-15,Surabaya,4,11,21,20
2022-02-16,Surabaya,6,6,11,23
2022-02-17,Surabaya,33,21,43,14
2022-02-18,Surabaya,33,23,25,48
2022-02-19,Surabaya,9,8,24,20
2022-02-20,Surabaya,40,2,44,6
2022-02-21,Surabaya,25,46,8,47
2022-02-22,Surabaya,7,50,38,33
2022-02-23,Surabaya,24,3,46,47
2022-02-24,Surabaya,3,38,14,49
2022-02-25,Surabaya,21,29,44,36
2022-02-26,Surabaya,24,21,31,3
2022-02-27,Surabaya,20,44,38,29
2022-02-28,Surabaya,1,26,45,34
2022-03-01,Surabaya,11,49,44,18
2022-03-02,Surabaya,4,25,40,23
2022-03-03,Surabaya,21,10,11,35
2022-03-04,Surabaya,6,26,49,6
2022-03-05,Surabaya,35,28,1,32
2022-03-06,Surabaya,40,50,24,27
2022-03-07,Surabaya,35,42,38,22
2022-03-08,Surabaya,38,21,45,17
2022-03-09,Surabaya,31,46,12,13
2022-03-10,Surabaya,9,35,49,12
2022-03-11,Surabaya,18,17,33,33
2022-03-12,Surabaya,25,27,46,11
2022-03-13,Surabaya,46,32,36,28
2022-03-14,Surabaya,31,42,24,46
2022-03-15,Surabaya,2,42,20,11
2022-03-16,Surabaya,16,8,34,22
2022-03-17,Surabaya,18,13,35,2
2022-03-18,Surabaya,6,30,10,14
2022-03-19,Surabaya,35,34,17,46
2022-03-20,Surabaya,17,23,10,7
2022-03-21,Surabaya,23,48,42,13
2022-03-22,Surabaya,10,46,16,24
2022-03-23,Surabaya,28,11,8,37
2022-03-24,Surabaya,34,47,2,27
2022-03-25,Surabaya,35,22,28,6
2022-03-26,Surabaya,18,4,48,46
2022-03-27,Surabaya,16,17,6,18
2022-03-28,Surabaya,21,28,45,6
2022-03-29,Surabaya,44,42,31,35
2022-03-30,Surabaya,46,6,47,3
2022-03-31,Surabaya,18,41,13,47
2022-04-01,Surabaya,6,12,25,26
2022-04-02,Surabaya,48,39,15,45
2022-04-03,Surabaya,21,13,47,40
2022-04-04,Surabaya,32,30,39,49
2022-04-05,Surabaya,17,50,13,33
2022-04-06,Surabaya,39,27,2,10
2022-04-07,Surabaya,41,15,3,2
2022-04-08,Surabaya,32,38,39,47
2022-04-09,Surabaya,36,35,27,40
2022-04-10,Surabaya,31,35,49,6
2022-04-11,Surabaya,5,46,3,36
2022-04-12,Surabaya,20,43,39,17
2022-04-13,Surabaya,31,16,30,18
2022-04-14,Surabaya,10,28,44,41
2022-04-15,Surabaya,18,18,9,32
2022-04-16,Surabaya,29,7,47,50
2022-04-17,Surabaya,8,5,45,29
2022-04-18,Surabaya,34,28,49,32
2022-04-19,Surabaya,32,46,23,48
2022-04-20,Surabaya,17,31,49,49
2022-04-21,Surabaya,44,31,42,24
2022-04-22,Surabaya,33,24,26,3
2022-04-23,Surabaya,50,37,8,20
2022-04-24,Surabaya,4,38,14,21
2022-04-25,Surabaya,13,18,49,46
2022-04-26,Surabaya,20,17,2,10
2022-04-27,Surabaya,11,47,43,29
2022-04-28,Surabaya,2,40,24,11
2022-04-29,Surabaya,46,50,8,15
2022-04-30,Surabaya,31,28,43,6
2022-05-01,Surabaya,48,35,21,45
2022-05-02,Surabaya,50,24,50,38
2022-05-03,Surabaya,16,16,35,35
2022-05-04,Surabaya,19,35,40,47
2022-05-05,Surabaya,48,19,3,33
2022-05-06,Surabaya,25,29,18,32
2022-05-07,Surabaya,10,8,25,8
2022-05-08,Surabaya,5,36,49,44
2022-05-09,Surabaya,12,47,43,14
2022-05-10,Surabaya,18,25,23,5
2022-05-11,Surabaya,24,4,32,7
2022-05-12,Surabaya,45,8,28,16
2022-05-13,Surabaya,39,26,14,41
2022-05-14,Surabaya,32,40,50,5
2022-05-15,Surabaya,6,19,47,34
2022-05-16,Surabaya,22,39,41,6
2022-05-17,Surabaya,32,9,22,49
2022-05-18,Surabaya,10,13,6,41
2022-05-19,Surabaya,31,24,41,1
2022-05-20,Surabaya,40,40,2,45
2022-05-21,Surabaya,37,45,30,40
2022-05-22,Surabaya,21,12,38,24
2022-05-23,Surabaya,45,37,41,36
2022-05-24,Surabaya,31,33,44,17
2022-05-25,Surabaya,48,14,47,46
2022-05-26,Surabaya,36,20,14,22
2022-05-27,Surabaya,34,32,20,33
2022-05-28,Surabaya,12,34,40,8
2022-05-29,Surabaya,29,32,10,7
2022-05-30,Surabaya,29,31,33,25
2022-05-31,Surabaya,42,29,9,9
2022-06-01,Surabaya,24,4,39,14
2022-06-02,Surabaya,8,18,2,43
2022-06-03,Surabaya,25,30,31,1
2022-06-04,Surabaya,6,48,13,17
2022-06-05,Surabaya,7,24,22,2
2022-06-06,Surabaya,21,49,37,29
2022-06-07,Surabaya,42,29,14,41
2022-06-08,Surabaya,30,21,6,14
2022-06-09,Surabaya,18,45,21,45
2022-06-10,Surabaya,18,1,15,20
2022-06-11,Surabaya,29,36,18,38
2022-06-12,Surabaya,46,15,39,31
2022-06-13,Surabaya,43,33,33,5
2022-06-14,Surabaya,8,45,47,47
2022-06-15,Surabaya,28,20,49,12
2022-06-16,Surabaya,21,39,50,15
2022-06-17,Surabaya,5,49,38,38
2022-06-18,Surabaya,27,2,47,27
2022-06-19,Surabaya,2,35,45,15
2022-06-20,Surabaya,19,35,18,15
2022-06-21,Surabaya,41,32,46,32
2022-06-22,Surabaya,35,37,24,16
2022-06-23,Surabaya,18,13,45,41
2022-06-24,Surabaya,17,11,24,40
2022-06-25,Surabaya,39,37,47,40
2022-06-26,Surabaya,38,49,40,33
2022-06-27,Surabaya,27,41,4,28
2022-06-28,Surabaya,1,41,42,23
2022-06-29,Surabaya,17,24,41,47
2022-06-30,Surabaya,28,26,12,24
2022-07-01,Surabaya,48,20,32,2
2022-07-02,Surabaya,49,25,11,19
2022-07-03,Surabaya,19,48,48,32
2022-07-04,Surabaya,25,30,22,15
2022-07-05,Surabaya,12,40,11,12
2022-07-06,Surabaya,39,36,2,32
2022-07-07,Surabaya,9,6,11,14
2022-07-08,Surabaya,21,22,25,48
2022-07-09,Surabaya,34,10,20,23
2022-07-10,Surabaya,49,24,18,25
2022-07-11,Surabaya,26,21,33,49
2022-07-12,Surabaya,25,2,4,21
2022-07-13,Surabaya,5,4,42,18
2022-07-14,Surabaya,17,24,11,50
2022-07-15,Surabaya,18,1,29,34
2022-07-16,Surabaya,28,31,38,33
2022-07-17,Surabaya,22,29,18,3
2022-07-18,Surabaya,10,25,50,25
2022-07-19,Surabaya,35,25,14,17
2022-07-20,Surabaya,13,17,21,30
2022-07-21,Surabaya,39,35,36,10
2022-07-22,Surabaya,47,29,24,29
2022-07-23,Surabaya,7,32,2,39
2022-07-24,Surabaya,18,29,12,42
2022-07-25,Surabaya,46,47,39,28
2022-07-26,Surabaya,16,22,23,44
2022-07-27,Surabaya,42,24,15,32
2022-07-28,Surabaya,7,10,6,9
2022-07-29,Surabaya,27,44,30,49
2022-07-30,Surabaya,33,26,5,20
2022-07-31,Surabaya,26,3,45,26
2022-08-01,Surabaya,43,29,41,45
2022-08-02,Surabaya,38,33,15,46
2022-08-03,Surabaya,6,32,29,32
2022-08-04,Surabaya,29,19,2,17
2022-08-05,Surabaya,28,26,8,50
2022-08-06,Surabaya,47,34,23,42
2022-08-07,Surabaya,37,49,46,45
2022-08-08,Surabaya,48,5,25,5
2022-08-09,Surabaya,44,44,49,9
2022-08-10,Surabaya,37,34,6,30
2022-08-11,Surabaya,8,27,2,48
2022-08-12,Surabaya,2,6,29,21
2022-08-13,Surabaya,34,18,11,45
2022-08-14,Surabaya,32,8,9,38
2022-08-15,Surabaya,16,30,30,27
2022-08-16,Surabaya,30,1,19,3
2022-08-17,Surabaya,40,34,46,49
2022-08-18,Surabaya,20,50,15,3
2022-08-19,Surabaya,16,22,31,36
2022-08-20,Surabaya,5,36,50,4
2022-08-21,Surabaya,11,39,31,45
2022-08-22,Surabaya,43,36,3,46
2022-08-23,Surabaya,28,20,7,29
2022-08-24,Surabaya,40,18,20,39
2022-08-25,Surabaya,16,37,49,24
2022-08-26,Surabaya,2,18,33,25
2022-08-27,Surabaya,21,13,22,44
2022-08-28,Surabaya,26,10,10,39
2022-08-29,Surabaya,25,24,41,15
2022-08-30,Surabaya,5,43,25,46
2022-08-31,Surabaya,4,22,5,3
2022-09-01,Surabaya,31,47,17,11
2022-09-02,Surabaya,18,47,46,32
2022-09-03,Surabaya,11,24,8,17
2022-09-04,Surabaya,31,19,6,8
2022-09-05,Surabaya,34,21,5,22
2022-09-06,Surabaya,8,14,40,5
2022-09-07,Surabaya,24,44,24,34
2022-09-08,Surabaya,22,48,31,28
2022-09-09,Surabaya,1,48,41,38
2022-09-10,Surabaya,24,24,48,6
2022-09-11,Surabaya,8,22,5,23
2022-09-12,Surabaya,43,34,43,11
2022-09-13,Surabaya,21,30,5,12
2022-09-14,Surabaya,18,28,11,15
2022-09-15,Surabaya,43,31,4,45
2022-09-16,Surabaya,18,29,2,50
2022-09-17,Surabaya,31,49,21,20
2022-09-18,Surabaya,28,9,5,11
2022-09-19,Surabaya,14,41,16,18
2022-09-20,Surabaya,11,14,22,31
2022-09-21,Surabaya,10,39,27,37
2022-09-22,Surabaya,6,23,50,7
2022-09-23,Surabaya,30,6,31,9
2022-09-24,Surabaya,19,42,36,40
2022-09-25,Surabaya,39,49,42,1
2022-09-26,Surabaya,39,4,25,6
2022-09-27,Surabaya,13,42,25,22
2022-09-28,Surabaya,19,50,14,25
2022-09-29,Surabaya,45,27,48,31
2022-09-30,Surabaya,6,44,31,3
2022-10-01,Surabaya,24,7,9,14
2022-10-02,Surabaya,24,27,12,9
2022-10-03,Surabaya,18,38,30,29
2022-10-04,Surabaya,6,8,13,29
2022-10-05,Surabaya,41,7,37,45
2022-10-06,Surabaya,46,13,39,41
2022-10-07,Surabaya,6,16,10,11
2022-10-08,Surabaya,39,23,26,47
2022-10-09,Surabaya,29,5,36,29
2022-10-10,Surabaya,37,5,9,43
2022-10-11,Surabaya,41,43,33,39
2022-10-12,Surabaya,37,30,40,37
2022-10-13,Surabaya,48,7,21,16
2022-10-14,Surabaya,42,7,44,7
2022-10-15,Surabaya,1,13,19,46
2022-10-16,Surabaya,37,12,48,1
2022-10-17,Surabaya,31,48,9,29
2022-10-18,Surabaya,11,25,43,31
2022-10-19,Surabaya,9,22,45,23
2022-10-20,Surabaya,21,4,48,45
2022-10-21,Surabaya,2,11,40,47
2022-10-22,Surabaya,36,40,27,46
2022-10-23,Surabaya,41,19,41,19
2022-10-24,Surabaya,15,45,46,47
2022-10-25,Surabaya,46,48,1,29
2022-10-26,Surabaya,7,30,9,11
2022-10-27,Surabaya,12,23,44,11
2022-10-28,Surabaya,39,41,8,49
2022-10-29,Surabaya,10,8,38,48
2022-10-30,Surabaya,14,36,28,49
2022-10-31,Surabaya,31,33,34,1
2022-11-01,Surabaya,37,1,34,47
2022-11-02,Surabaya,42,26,6,19
2022-11-03,Surabaya,27,14,17,48
2022-11-04,Surabaya,17,12,49,19
2022-11-05,Surabaya,48,21,16,3
2022-11-06,Surabaya,25,35,13,34
2022-11-07,Surabaya,17,39,48,43
2022-11-08,Surabaya,50,47,2,4
2022-11-09,Surabaya,22,19,24,2
2022-11-10,Surabaya,42,26,24,49
2022-11-11,Surabaya,27,5,2,16
2022-11-12,Surabaya,8,30,22,45
2022-11-13,Surabaya,42,4,24,28
2022-11-14,Surabaya,9,26,7,35
2022-11-15,Surabaya,42,19,31,18
2022-11-16,Surabaya,2,3,34,46
2022-11-17,Surabaya,25,2,10,7
2022-11-18,Surabaya,49,49,22,40
2022-11-19,Surabaya,17,45,36,29
2022-11-20,Surabaya,11,18,27,5
2022-11-21,Surabaya,4,37,9,28
2022-11-22,Surabaya,23,5,41,29
2022-11-23,Surabaya,33,48,5,4
2022-11-24,Surabaya,1,1,44,19
2022-11-25,Surabaya,40,46,50,31
2022-11-26,Surabaya,35,44,3,2
2022-11-27,Surabaya,37,25,29,28
2022-11-28,Surabaya,43,1,8,44
2022-11-29,Surabaya,38,19,1,33
2022-11-30,Surabaya,9,18,22,2
2022-12-01,Surabaya,27,37,5,33
2022-12-02,Surabaya,44,14,8,11
2022-12-03,Surabaya,31,42,31,9
2022-12-04,Surabaya,35,30,21,35
2022-12-05,Surabaya,9,19,27,43
2022-12-06,Surabaya,29,40,47,23
2022-12-07,Surabaya,48,4,46,38
2022-12-08,Surabaya,14,20,17,33
2022-12-09,Surabaya,39,14,35,29
2022-12-10,Surabaya,4,32,16,1
2022-12-11,Surabaya,3,3,11,41
2022-12-12,Surabaya,19,45,49,28
2022-12-13,Surabaya,39,25,46,33
2022-12-14,Surabaya,42,49,14,41
2022-12-15,Surabaya,46,11,18,13
2022-12-16,Surabaya,12,22,25,9
2022-12-17,Surabaya,45,25,10,17
2022-12-18,Surabaya,23,47,17,16
2022-12-19,Surabaya,3,9,38,35
2022-12-20,Surabaya,49,9,31,40
2022-12-21,Surabaya,27,35,21,6
2022-12-22,Surabaya,3,15,31,21
2022-12-23,Surabaya,30,1,15,35
2022-12-24,Surabaya,30,41,24,3
2022-12-25,Surabaya,36,49,2,12
2022-12-26,Surabaya,25,38,22,39
2022-12-27,Surabaya,8,14,31,34
2022-12-28,Surabaya,13,9,2,25
2022-12-29,Surabaya,23,43,49,17
2022-12-30,Surabaya,16,48,41,17
2022-12-31,Surabaya,41,6,9,30
2023-01-01,Surabaya,1,17,1,2
2023-01-02,Surabaya,33,23,13,23
2023-01-03,Surabaya,14,30,47,48
2023-01-04,Surabaya,23,40,11,15
2023-01-05,Surabaya,28,16,17,41
2023-01-06,Surabaya,50,7,45,24
2023-01-07,Surabaya,10,17,13,29
2023-01-08,Surabaya,7,6,6,49
2023-01-09,Surabaya,36,16,31,34
2023-01-10,Surabaya,24,24,41,15
2023-01-11,Surabaya,47,49,40,45
2023-01-12,Surabaya,16,42,16,47
2023-01-13,Surabaya,5,39,31,15
2023-01-14,Surabaya,37,24,45,30
2023-01-15,Surabaya,40,2,6,11
2023-01-16,Surabaya,43,3,6,5
2023-01-17,Surabaya,47,49,15,3
2023-01-18,Surabaya,5,31,33,35
2023-01-19,Surabaya,34,27,20,31
2023-01-20,Surabaya,15,17,21,23
2023-01-21,Surabaya,19,12,1,37
2023-01-22,Surabaya,17,33,16,12
2023-01-23,Surabaya,25,36,8,31
2023-01-24,Surabaya,39,49,26,43
2023-01-25,Surabaya,44,31,9,7
2023-01-26,Surabaya,47,3,7,1
2023-01-27,Surabaya,27,19,7,33
2023-01-28,Surabaya,42,50,44,36
2023-01-29,Surabaya,41,4,41,46
2023-01-30,Surabaya,14,26,36,4
2023-01-31,Surabaya,21,6,14,23
2023-02-01,Surabaya,48,10,8,24
2023-02-02,Surabaya,1,23,43,4
2023-02-03,Surabaya,14,1,12,13
2023-02-04,Surabaya,41,20,38,49
2023-02-05,Surabaya,19,15,45,31
2023-02-06,Surabaya,7,5,12,29
2023-02-07,Surabaya,29,2,44,8
2023-02-08,Surabaya,40,35,10,22
2023-02-09,Surabaya,43,6,4,49
2023-02-10,Surabaya,26,4,50,35
2023-02-11,Surabaya,45,27,23,21
2023-02-12,Surabaya,43,13,10,15
2023-02-13,Surabaya,36,3,23,25
2023-02-14,Surabaya,9,39,9,50
2023-02-15,Surabaya,1,15,35,30
2023-02-16,Surabaya,48,39,16,12
2023-02-17,Surabaya,8,22,35,44
2023-02-18,Surabaya,37,45,27,10
2023-02-19,Surabaya,50,29,30,47
2023-02-20,Surabaya,9,40,18,11
2023-02-21,Surabaya,11,32,10,23
2023-02-22,Surabaya,47,1,16,21
2023-02-23,Surabaya,16,23,11,30
2023-02-24,Surabaya,37,3,24,43
2023-02-25,Surabaya,8,34,30,18
2023-02-26,Surabaya,41,43,31,20
2023-02-27,Surabaya,23,4,9,48
2023-02-28,Surabaya,45,10,17,46
2023-03-01,Surabaya,46,15,5,32
2023-03-02,Surabaya,18,43,17,31
2023-03-03,Surabaya,26,28,33,36
2023-03-04,Surabaya,6,23,9,47
2023-03-05,Surabaya,6,9,43,31
2023-03-06,Surabaya,45,47,38,38
2023-03-07,Surabaya,33,7,8,14
2023-03-08,Surabaya,4,13,11,32
2023-03-09,Surabaya,25,24,35,6
2023-03-10,Surabaya,44,49,34,40
2023-03-11,Surabaya,12,44,3,46
2023-03-12,Surabaya,47,24,6,16
2023-03-13,Surabaya,38,43,47,48
2023-03-14,Surabaya,25,12,43,49
2023-03-15,Surabaya,40,3,3,27
2023-03-16,Surabaya,37,24,18,27
2023-03-17,Surabaya,44,31,4,21
2023-03-18,Surabaya,19,42,17,12
2023-03-19,Surabaya,35,47,17,3
2023-03-20,Surabaya,47,47,45,2
2023-03-21,Surabaya,2,5,12,11
2023-03-22,Surabaya,10,39,32,13
2023-03-23,Surabaya,18,8,18,34
2023-03-24,Surabaya,46,23,27,15
2023-03-25,Surabaya,17,11,21,1
2023-03-26,Surabaya,9,27,7,16
2023-03-27,Surabaya,17,27,32,46
2023-03-28,Surabaya,50,24,33,49
2023-03-29,Surabaya,1,28,22,49
2023-03-30,Surabaya,46,1,16,10
2023-03-31,Surabaya,34,5,21,45
2023-04-01,Surabaya,15,21,25,42
2023-04-02,Surabaya,12,48,29,28
2023-04-03,Surabaya,32,10,4,42
2023-04-04,Surabaya,44,10,44,46
2023-04-05,Surabaya,31,24,21,41
2023-04-06,Surabaya,41,20,11,16
2023-04-07,Surabaya,38,7,6,40
2023-04-08,Surabaya,23,13,11,29
2023-04-09,Surabaya,23,49,3,13
2023-04-10,Surabaya,28,28,15,1
2023-04-11,Surabaya,35,5,13,8
2023-04-12,Surabaya,37,16,14,7
2023-04-13,Surabaya,38,37,23,37
2023-04-14,Surabaya,44,10,4,16
2023-04-15,Surabaya,4,40,41,49
2023-04-16,Surabaya,4,32,24,28
2023-04-17,Surabaya,27,31,48,3
2023-04-18,Surabaya,38,3,18,48
2023-04-19,Surabaya,46,21,47,32
2023-04-20,Surabaya,47,4,17,12
2023-04-21,Surabaya,21,7,22,50
2023-04-22,Surabaya,45,8,21,4
2023-04-23,Surabaya,45,13,41,23
2023-04-24,Surabaya,4,6,25,12
2023-04-25,Surabaya,22,14,25,16
2023-04-26,Surabaya,21,41,36,44
2023-04-27,Surabaya,9,45,33,28
2023-04-28,Surabaya,42,13,12,11
2023-04-29,Surabaya,37,3,42,32
2023-04-30,Surabaya,22,2,10,48
2023-05-01,Surabaya,38,26,4,32
2023-05-02,Surabaya,37,41,7,16
2023-05-03,Surabaya,6,42,22,18
2023-05-04,Surabaya,39,7,33,28
2023-05-05,Surabaya,21,2,47,20
2023-05-06,Surabaya,2,20,4,31
2023-05-07,Surabaya,3,38,48,43
2023-05-08,Surabaya,29,27,40,28
2023-05-09,Surabaya,23,33,23,5
2023-05-10,Surabaya,34,10,44,7
2023-05-11,Surabaya,28,25,15,15
2023-05-12,Surabaya,30,5,13,5
2023-05-13,Surabaya,11,3,15,19
2023-05-14,Surabaya,10,13,38,20
2023-05-15,Surabaya,34,12,2,35
2023-05-16,Surabaya,40,17,12,12
2023-05-17,Surabaya,36,23,49,4
2023-05-18,Surabaya,20,2,39,10
2023-05-19,Surabaya,42,12,30,6
2023-05-20,Surabaya,17,17,39,2
2023-05-21,Surabaya,14,25,14,39
2023-05-22,Surabaya,14,14,37,17
2023-05-23,Surabaya,36,31,25,7
2023-05-24,Surabaya,43,50,43,7
2023-05-25,Surabaya,21,44,11,48
2023-05-26,Surabaya,38,1,37,32
2023-05-27,Surabaya,17,15,41,4
2023-05-28,Surabaya,31,41,43,41
2023-05-29,Surabaya,10,35,6,27
2023-05-30,Surabaya,19,27,19,11
2023-05-31,Surabaya,47,25,6,46
2023-06-01,Surabaya,21,47,41,15
2023-06-02,Surabaya,29,39,31,46
2023-06-03,Surabaya,1,48,42,36
2023-06-04,Surabaya,4,4,27,49
2023-06-05,Surabaya,20,46,38,7
2023-06-06,Surabaya,38,45,2,47
2023-06-07,Surabaya,44,40,49,44
2023-06-08,Surabaya,28,7,9,25
2023-06-09,Surabaya,34,31,22,32
2023-06-10,Surabaya,33,3,38,42
2023-06-11,Surabaya,39,5,9,33
2023-06-12,Surabaya,10,45,29,36
2023-06-13,Surabaya,7,18,19,47
2023-06-14,Surabaya,2,4,5,15
2023-06-15,Surabaya,21,42,22,9
2023-06-16,Surabaya,42,25,14,9
2023-06-17,Surabaya,1,35,7,33
2023-06-18,Surabaya,36,2,34,22
2023-06-19,Surabaya,33,30,7,32
2023-06-20,Surabaya,23,19,37,40
2023-06-21,Surabaya,34,15,41,47
2023-06-22,Surabaya,3,44,40,18
2023-06-23,Surabaya,14,4,38,15
2023-06-24,Surabaya,37,2,40,37
2023-06-25,Surabaya,28,33,7,37
2023-06-26,Surabaya,17,37,41,28
2023-06-27,Surabaya,41,37,12,47
2023-06-28,Surabaya,35,46,21,10
2023-06-29,Surabaya,1,13,36,8
2023-06-30,Surabaya,24,44,17,48
2023-07-01,Surabaya,8,48,19,4
2023-07-02,Surabaya,7,29,19,29
2023-07-03,Surabaya,16,25,8,43
2023-07-04,Surabaya,24,26,13,23
2023-07-05,Surabaya,45,43,38,6
2023-07-06,Surabaya,3,31,27,39
2023-07-07,Surabaya,22,38,28,9
2023-07-08,Surabaya,27,2,39,34
2023-07-09,Surabaya,50,21,38,50
2023-07-10,Surabaya,38,36,39,35
2023-07-11,Surabaya,27,33,29,1
2023-07-12,Surabaya,35,40,11,13
2023-07-13,Surabaya,25,6,3,41
2023-07-14,Surabaya,46,15,27,21
2023-07-15,Surabaya,16,24,10,3
2023-07-16,Surabaya,6,43,32,26
2023-07-17,Surabaya,24,12,27,24
2023-07-18,Surabaya,32,25,21,16
2023-07-19,Surabaya,16,45,49,13
2023-07-20,Surabaya,3,13,50,21
2023-07-21,Surabaya,34,34,29,48
2023-07-22,Surabaya,11,4,49,12
2023-07-23,Surabaya,45,6,5,45
2023-07-24,Surabaya,10,16,12,49
2023-07-25,Surabaya,15,38,6,6
2023-07-26,Surabaya,50,11,46,26
2023-07-27,Surabaya,23,8,41,19
2023-07-28,Surabaya,47,18,30,12
2023-07-29,Surabaya,42,2,35,6
2023-07-30,Surabaya,28,48,48,38
2023-07-31,Surabaya,24,40,26,5
2023-08-01,Surabaya,44,40,23,26
2023-08-02,Surabaya,40,23,25,42
2023-08-03,Surabaya,15,23,13,49
2023-08-04,Surabaya,34,45,30,7
2023-08-05,Surabaya,7,39,26,16
2023-08-06,Surabaya,36,46,32,14
2023-08-07,Surabaya,29,34,2,32
2023-08-08,Surabaya,30,23,47,19
2023-08-09,Surabaya,48,49,44,9
2023-08-10,Surabaya,17,4,7,42
2023-08-11,Surabaya,27,15,29,2
2023-08-12,Surabaya,33,31,42,1
2023-08-13,Surabaya,47,21,16,44
2023-08-14,Surabaya,16,18,16,8
2023-08-15,Surabaya,24,25,29,43
2023-08-16,Surabaya,30,3,45,34
2023-08-17,Surabaya,47,49,12,32
2023-08-18,Surabaya,21,7,18,17
2023-08-19,Surabaya,33,39,31,18
2023-08-20,Surabaya,36,30,7,18
2023-08-21,Surabaya,20,16,18,23
2023-08-22,Surabaya,1,27,25,12
2023-08-23,Surabaya,22,46,19,31
2023-08-24,Surabaya,32,12,23,10
2023-08-25,Surabaya,22,3,12,32
2023-08-26,Surabaya,6,9,45,38
2023-08-27,Surabaya,23,25,32,20
2023-08-28,Surabaya,48,10,48,13
2023-08-29,Surabaya,20,45,24,49
2023-08-30,Surabaya,45,5,19,40
2023-08-31,Surabaya,2,17,28,4
2023-09-01,Surabaya,1,24,16,11
2023-09-02,Surabaya,10,35,25,41
2023-09-03,Surabaya,1,3,17,43
2023-09-04,Surabaya,21,5,12,34
2023-09-05,Surabaya,14,42,6,43
2023-09-06,Surabaya,8,49,14,47
2023-09-07,Surabaya,8,39,13,28
2023-09-08,Surabaya,1,46,20,12
2023-09-09,Surabaya,28,4,10,37
2023-09-10,Surabaya,25,23,17,38
2023-09-11,Surabaya,12,30,1,37
2023-09-12,Surabaya,48,28,22,50
2023-09-13,Surabaya,43,30,43,19
2023-09-14,Surabaya,43,13,27,29
2023-09-15,Surabaya,4,33,12,48
2023-09-16,Surabaya,37,13,48,35
2023-09-17,Surabaya,44,50,30,30
2023-09-18,Surabaya,35,42,49,24
2023-09-19,Surabaya,11,25,6,45
2023-09-20,Surabaya,3,42,2,1
2023-09-21,Surabaya,39,42,2,2
2023-09-22,Surabaya,1,18,26,21
2023-09-23,Surabaya,34,23,44,34
2023-09-24,Surabaya,5,13,7,10
2023-09-25,Surabaya,23,26,14,24
2023-09-26,Surabaya,5,45,17,41
2023-09-27,Surabaya,48,45,42,48
2023-09-28,Surabaya,18,44,15,20
2023-09-29,Surabaya,14,5,5,12
2023-09-30,Surabaya,39,48,32,41
2023-10-01,Surabaya,35,19,19,3
2023-10-02,Surabaya,21,49,13,34
2023-10-03,Surabaya,2,12,31,8
2023-10-04,Surabaya,43,41,1,4
2023-10-05,Surabaya,42,43,2,48
2023-10-06,Surabaya,11,35,38,18
2023-10-07,Surabaya,13,42,46,34
2023-10-08,Surabaya,18,14,14,2
2023-10-09,Surabaya,48,12,5,43
2023-10-10,Surabaya,49,33,38,31
2023-10-11,Surabaya,35,37,5,27
2023-10-12,Surabaya,27,37,35,27
2023-10-13,Surabaya,26,28,37,19
2023-10-14,Surabaya,24,43,45,29
2023-10-15,Surabaya,33,1,6,22
2023-10-16,Surabaya,34,11,47,18
2023-10-17,Surabaya,49,41,15,2
2023-10-18,Surabaya,37,41,24,39
2023-10-19,Surabaya,17,31,17,32
2023-10-20,Surabaya,21,31,14,37
2023-10-21,Surabaya,13,43,1,5
2023-10-22,Surabaya,3,32,28,2
2023-10-23,Surabaya,50,3,35,45
2023-10-24,Surabaya,14,28,11,21
2023-10-25,Surabaya,17,9,19,49
2023-10-26,Surabaya,30,26,25,8
2023-10-27,Surabaya,32,30,17,45
2023-10-28,Surabaya,40,31,49,22
2023-10-29,Surabaya,12,20,24,23
2023-10-30,Surabaya,26,36,49,25
2023-10-31,Surabaya,37,12,19,17
2023-11-01,Surabaya,32,21,39,38
2023-11-02,Surabaya,42,8,17,13
2023-11-03,Surabaya,2,45,49,15
2023-11-04,Surabaya,50,50,45,37
2023-11-05,Surabaya,34,35,1,4
2023-11-06,Surabaya,8,43,18,48
2023-11-07,Surabaya,10,19,38,28
2023-11-08,Surabaya,44,25,26,49
2023-11-09,Surabaya,14,9,28,44
2023-11-10,Surabaya,26,11,39,27
2023-11-11,Surabaya,33,10,36,46
2023-11-12,Surabaya,15,14,42,4
2023-11-13,Surabaya,20,8,48,9
2023-11-14,Surabaya,31,10,46,1
2023-11-15,Surabaya,14,25,1,1
2023-11-16,Surabaya,12,1,22,22
2023-11-17,Surabaya,24,8,46,44
2023-11-18,Surabaya,8,11,9,32
2023-11-19,Surabaya,49,29,22,8
2023-11-20,Surabaya,8,23,12,21
2023-11-21,Surabaya,26,11,49,7
2023-11-22,Surabaya,31,38,16,33
2023-11-23,Surabaya,23,12,17,21
2023-11-24,Surabaya,50,39,43,19
2023-11-25,Surabaya,4,23,34,33
2023-11-26,Surabaya,39,49,38,30
2023-11-27,Surabaya,39,2,26,7
2023-11-28,Surabaya,38,23,23,37
2023-11-29,Surabaya,24,40,23,32
2023-11-30,Surabaya,43,35,13,28
2023-12-01,Surabaya,9,22,16,47
2023-12-02,Surabaya,19,13,41,34
2023-12-03,Surabaya,34,45,44,29
2023-12-04,Surabaya,13,12,3,30
2023-12-05,Surabaya,42,15,17,15
2023-12-06,Surabaya,37,2,43,29
2023-12-07,Surabaya,42,44,48,28
2023-12-08,Surabaya,35,3,43,47
2023-12-09,Surabaya,35,7,19,1
2023-12-10,Surabaya,50,6,4,45
2023-12-11,Surabaya,29,47,28,35
2023-12-12,Surabaya,48,40,16,6
2023-12-13,Surabaya,33,10,22,6
2023-12-14,Surabaya,47,35,38,31
2023-12-15,Surabaya,30,29,48,20
2023-12-16,Surabaya,45,15,13,30
2023-12-17,Surabaya,18,28,4,45
2023-12-18,Surabaya,48,22,39,19
2023-12-19,Surabaya,32,24,46,5
2023-12-20,Surabaya,24,43,15,36
2023-12-21,Surabaya,11,24,23,46
2023-12-22,Surabaya,45,3,19,3
2023-12-23,Surabaya,18,44,8,24
2023-12-24,Surabaya,1,44,47,14
2023-12-25,Surabaya,21,17,37,39
2023-12-26,Surabaya,45,31,26,34
2023-12-27,Surabaya,11,19,10,13
2023-12-28,Surabaya,47,6,16,24
2023-12-29,Surabaya,22,7,45,19
2023-12-30,Surabaya,30,40,6,38
2023-12-31,Surabaya,46,20,31,25
