Date,A,B,O,AB,Amount,Location
2018-01-01,13,17,22,7,129,Jambi
2018-01-02,6,12,22,7,232,Jawa Barat
2018-01-03,14,14,23,10,471,Kalimantan Timur
2018-01-04,14,5,27,9,363,Kalimantan Utara
2018-01-05,17,5,12,10,195,Aceh
2018-01-06,11,16,20,5,313,Maluku Utara
2018-01-07,11,6,14,7,368,Aceh
2018-01-08,18,15,14,5,258,Aceh
2018-01-09,16,18,14,10,120,Nusa Tenggara Timur
2018-01-10,6,7,12,12,145,Kalimantan Tengah
2018-01-11,11,14,10,14,324,Sumatera Barat
2018-01-12,16,12,17,4,120,Kalimantan Selatan
2018-01-13,15,7,25,12,466,Aceh
2018-01-14,13,14,24,6,172,Sumatera Utara
2018-01-15,7,10,19,10,297,Jawa Timur
2018-01-16,13,6,15,10,444,Sumatera Selatan
2018-01-17,12,14,29,3,477,Sumatera Selatan
2018-01-18,17,9,20,14,173,Sulawesi Tengah
2018-01-19,10,6,22,14,153,Sulawesi Barat
2018-01-20,11,9,12,11,307,Kepulauan Bangka Belitung
2018-01-21,7,7,27,12,476,Kalimantan Utara
2018-01-22,17,10,21,5,199,Bali
2018-01-23,6,8,18,7,453,Jambi
2018-01-24,16,13,25,7,281,Sulawesi Barat
2018-01-25,6,19,29,7,218,Kalimantan Timur
2018-01-26,19,7,23,7,292,Maluku Utara
2018-01-27,12,9,12,13,306,Sumatera Utara
2018-01-28,12,16,24,7,472,Banten
2018-01-29,9,17,18,3,158,Sulawesi Utara
2018-01-30,6,15,22,10,271,Bengkulu
2018-01-31,13,6,23,12,322,Aceh
2018-02-01,14,7,19,4,221,Bali
2018-02-02,10,7,10,5,328,Bali
2018-02-03,17,8,10,2,165,DKI Jakarta
2018-02-04,7,6,23,6,227,Kepulauan Bangka Belitung
2018-02-05,18,6,21,12,317,Sulawesi Tengah
2018-02-06,11,7,17,3,271,Jawa Timur
2018-02-07,16,5,21,5,149,Kalimantan Tengah
2018-02-08,10,12,13,10,283,Kepulauan Riau
2018-02-09,9,8,24,6,133,Sumatera Utara
2018-02-10,16,9,13,13,281,Sumatera Utara
2018-02-11,7,16,10,7,408,Aceh
2018-02-12,12,14,28,9,163,Kepulauan Bangka Belitung
2018-02-13,5,17,21,10,399,Jawa Tengah
2018-02-14,6,5,14,6,280,Gorontalo
2018-02-15,14,11,16,9,177,Jawa Tengah
2018-02-16,14,15,15,7,282,Kalimantan Timur
2018-02-17,10,7,15,9,398,Aceh
2018-02-18,6,5,10,7,223,Kalimantan Timur
2018-02-19,16,8,15,5,187,Sumatera Utara
2018-02-20,15,6,19,14,339,Aceh
2018-02-21,5,15,26,11,452,Gorontalo
2018-02-22,9,7,15,2,487,Jawa Timur
2018-02-23,9,16,26,9,123,Banten
2018-02-24,10,11,27,11,236,Banten
2018-02-25,7,12,15,14,376,Sulawesi Utara
2018-02-26,15,18,23,3,344,Nusa Tenggara Timur
2018-02-27,10,15,29,10,465,Jambi
2018-02-28,18,6,15,12,254,Maluku Utara
2018-03-01,19,6,15,12,342,Sumatera Utara
2018-03-02,7,6,24,6,333,Maluku Utara
2018-03-03,18,10,12,10,317,Kepulauan Riau
2018-03-04,9,15,17,12,362,Sumatera Utara
2018-03-05,12,16,13,10,457,Kalimantan Selatan
2018-03-06,7,19,23,14,118,Jawa Barat
2018-03-07,7,11,16,13,234,Lampung
2018-03-08,15,15,25,8,107,Kepulauan Bangka Belitung
2018-03-09,14,6,28,9,180,Sulawesi Barat
2018-03-10,7,15,18,13,207,Kalimantan Selatan
2018-03-11,6,10,13,13,478,Nusa Tenggara Timur
2018-03-12,9,18,14,8,490,DI Yogyakarta
2018-03-13,16,8,20,8,248,Sumatera Selatan
2018-03-14,16,7,25,2,221,Bali
2018-03-15,18,17,25,4,220,Bengkulu
2018-03-16,7,5,10,4,115,Papua
2018-03-17,5,18,17,11,150,Sulawesi Barat
2018-03-18,16,16,18,10,206,Maluku Utara
2018-03-19,17,10,25,5,240,Banten
2018-03-20,8,10,12,5,221,Maluku
2018-03-21,9,13,25,3,441,Kepulauan Bangka Belitung
2018-03-22,5,19,29,13,125,Jambi
2018-03-23,17,5,22,11,129,Nusa Tenggara Timur
2018-03-24,8,6,26,8,116,Sulawesi Utara
2018-03-25,5,16,10,7,219,Kepulauan Riau
2018-03-26,19,7,29,2,307,Jambi
2018-03-27,13,16,28,9,130,Gorontalo
2018-03-28,5,16,14,4,490,Riau
2018-03-29,9,5,28,8,114,Kalimantan Barat
2018-03-30,18,14,21,11,115,Kalimantan Barat
2018-03-31,19,18,13,2,138,Kalimantan Timur
2018-04-01,15,6,15,7,445,Sumatera Barat
2018-04-02,14,11,23,10,486,Papua Barat
2018-04-03,11,13,28,3,187,Jawa Timur
2018-04-04,7,10,27,14,490,Jawa Tengah
2018-04-05,14,14,12,6,133,Papua
2018-04-06,16,11,15,9,171,DI Yogyakarta
2018-04-07,8,10,15,6,473,Riau
2018-04-08,6,19,29,2,139,Jawa Barat
2018-04-09,14,11,28,7,338,Sumatera Selatan
2018-04-10,17,13,23,11,140,Kalimantan Tengah
2018-04-11,15,9,16,7,343,Nusa Tenggara Barat
2018-04-12,9,6,26,7,183,Riau
2018-04-13,9,17,23,6,404,DI Yogyakarta
2018-04-14,18,13,29,8,294,Kalimantan Utara
2018-04-15,13,8,29,5,339,Kepulauan Riau
2018-04-16,10,11,18,6,397,Papua Barat
2018-04-17,15,18,20,5,299,Sulawesi Utara
2018-04-18,12,13,11,14,142,Lampung
2018-04-19,14,19,15,6,117,Kepulauan Riau
2018-04-20,14,11,27,14,333,Bengkulu
2018-04-21,11,8,26,6,252,Sulawesi Barat
2018-04-22,18,8,29,13,200,Nusa Tenggara Barat
2018-04-23,17,18,28,10,215,Maluku Utara
2018-04-24,14,7,28,12,151,Kalimantan Selatan
2018-04-25,8,9,19,5,335,Maluku
2018-04-26,10,10,13,3,377,Kalimantan Selatan
2018-04-27,15,18,29,6,369,Sumatera Selatan
2018-04-28,12,12,20,11,425,Jawa Barat
2018-04-29,9,16,19,12,377,Bali
2018-04-30,12,19,14,2,390,Nusa Tenggara Barat
2018-05-01,5,13,12,6,243,Jawa Timur
2018-05-02,7,7,25,14,436,Riau
2018-05-03,12,5,26,3,307,Kepulauan Bangka Belitung
2018-05-04,11,5,20,10,236,Sulawesi Selatan
2018-05-05,17,15,20,12,442,Maluku
2018-05-06,18,18,17,9,199,Sumatera Barat
2018-05-07,18,15,27,13,269,Maluku
2018-05-08,5,6,25,11,385,Nusa Tenggara Timur
2018-05-09,6,7,21,2,360,Bengkulu
2018-05-10,12,15,10,8,322,Bali
2018-05-11,13,18,24,11,317,Bali
2018-05-12,16,9,19,11,434,Sulawesi Tenggara
2018-05-13,9,13,22,6,303,Gorontalo
2018-05-14,19,6,14,4,109,Sulawesi Utara
2018-05-15,6,11,15,2,176,Gorontalo
2018-05-16,10,18,23,4,224,Maluku Utara
2018-05-17,17,11,20,2,149,Maluku Utara
2018-05-18,19,18,16,5,402,Sumatera Barat
2018-05-19,16,19,10,5,434,Sulawesi Tengah
2018-05-20,15,16,11,8,423,Sulawesi Utara
2018-05-21,7,16,21,6,308,Bengkulu
2018-05-22,6,8,11,2,346,Kalimantan Tengah
2018-05-23,16,11,10,3,408,Sulawesi Tengah
2018-05-24,19,16,24,3,407,Kalimantan Timur
2018-05-25,7,5,21,3,468,Jawa Tengah
2018-05-26,18,15,11,5,290,Sulawesi Selatan
2018-05-27,8,9,18,4,338,Kalimantan Timur
2018-05-28,10,11,29,6,448,Maluku Utara
2018-05-29,7,12,29,5,233,Sumatera Selatan
2018-05-30,10,7,13,5,437,Sulawesi Tenggara
2018-05-31,17,11,26,13,449,Jawa Barat
2018-06-01,11,10,13,4,165,Kalimantan Tengah
2018-06-02,15,8,11,2,365,Kalimantan Tengah
2018-06-03,8,6,19,12,371,Jambi
2018-06-04,9,11,12,2,342,DI Yogyakarta
2018-06-05,10,15,21,5,330,Kalimantan Selatan
2018-06-06,7,8,14,4,421,Kalimantan Timur
2018-06-07,14,16,10,7,447,Kepulauan Riau
2018-06-08,7,6,28,12,397,Kalimantan Timur
2018-06-09,16,8,24,3,156,Kalimantan Utara
2018-06-10,9,8,16,9,360,Papua Barat
2018-06-11,7,18,24,3,280,Kepulauan Bangka Belitung
2018-06-12,7,12,14,3,176,Sulawesi Selatan
2018-06-13,18,9,10,14,119,Papua
2018-06-14,12,12,26,8,141,DKI Jakarta
2018-06-15,18,11,28,4,237,Sumatera Selatan
2018-06-16,12,6,28,3,313,Nusa Tenggara Timur
2018-06-17,12,14,28,12,161,Kepulauan Bangka Belitung
2018-06-18,16,5,25,8,419,Sulawesi Tenggara
2018-06-19,13,17,13,13,140,Maluku
2018-06-20,9,7,22,8,407,Sumatera Selatan
2018-06-21,19,7,10,6,498,Sumatera Barat
2018-06-22,18,16,12,5,403,Papua Barat
2018-06-23,15,13,13,13,370,DKI Jakarta
2018-06-24,9,10,24,3,385,Aceh
2018-06-25,8,16,23,3,497,DI Yogyakarta
2018-06-26,8,11,25,13,235,Gorontalo
2018-06-27,13,8,16,8,113,Sulawesi Barat
2018-06-28,10,7,24,9,237,Sumatera Utara
2018-06-29,16,9,12,6,184,Sulawesi Selatan
2018-06-30,15,15,27,3,271,Nusa Tenggara Barat
2018-07-01,16,14,26,2,434,Kalimantan Barat
2018-07-02,10,14,18,5,372,Maluku Utara
2018-07-03,10,6,22,2,450,Sumatera Selatan
2018-07-04,12,13,20,12,334,Aceh
2018-07-05,7,11,12,10,120,Kalimantan Utara
2018-07-06,15,18,21,10,441,Sulawesi Selatan
2018-07-07,15,17,26,3,499,Papua Barat
2018-07-08,6,11,11,5,427,Kalimantan Tengah
2018-07-09,15,16,10,7,345,Papua Barat
2018-07-10,14,10,29,4,499,Sumatera Barat
2018-07-11,6,15,17,5,317,Sulawesi Utara
2018-07-12,17,7,21,9,261,Riau
2018-07-13,19,10,20,14,399,Kalimantan Barat
2018-07-14,9,9,13,4,109,Jawa Tengah
2018-07-15,11,19,15,12,334,Kalimantan Timur
2018-07-16,8,8,17,11,234,Banten
2018-07-17,19,16,16,8,334,Kalimantan Utara
2018-07-18,11,12,21,3,435,Papua Barat
2018-07-19,6,12,17,6,216,Sumatera Utara
2018-07-20,9,16,12,10,121,Sumatera Barat
2018-07-21,12,15,20,6,325,Sumatera Selatan
2018-07-22,7,5,21,6,454,Maluku Utara
2018-07-23,14,18,29,10,325,Bengkulu
2018-07-24,7,6,17,10,380,Sulawesi Tengah
2018-07-25,8,9,28,13,383,DI Yogyakarta
2018-07-26,5,14,15,5,263,Sumatera Utara
2018-07-27,14,11,20,9,157,DI Yogyakarta
2018-07-28,15,9,25,11,479,Sulawesi Barat
2018-07-29,16,7,14,4,428,Nusa Tenggara Barat
2018-07-30,13,18,10,12,262,Aceh
2018-07-31,16,16,15,4,109,Maluku
2018-08-01,19,15,27,11,414,Jawa Barat
2018-08-02,15,14,11,13,147,Sulawesi Tengah
2018-08-03,10,14,16,5,492,Papua
2018-08-04,10,17,23,5,263,Kalimantan Barat
2018-08-05,5,18,15,4,223,Lampung
2018-08-06,9,8,17,14,304,Sulawesi Tenggara
2018-08-07,16,5,11,3,431,Sumatera Barat
2018-08-08,12,8,13,4,219,Aceh
2018-08-09,17,11,17,4,169,Kalimantan Utara
2018-08-10,7,5,29,9,377,Jawa Barat
2018-08-11,11,16,22,2,376,Sulawesi Tengah
2018-08-12,14,14,23,14,396,Jawa Timur
2018-08-13,19,14,20,14,301,Sumatera Utara
2018-08-14,8,10,10,10,210,Sumatera Utara
2018-08-15,15,9,26,10,475,Jambi
2018-08-16,13,18,12,9,182,Bali
2018-08-17,17,13,17,9,258,Sulawesi Tenggara
2018-08-18,5,17,28,5,135,Jawa Tengah
2018-08-19,18,5,16,5,345,Maluku Utara
2018-08-20,13,18,18,11,225,Gorontalo
2018-08-21,15,12,21,7,344,Sulawesi Selatan
2018-08-22,14,7,19,13,438,Sulawesi Utara
2018-08-23,8,7,18,9,121,Aceh
2018-08-24,10,8,27,12,139,Bali
2018-08-25,8,10,16,8,381,Sulawesi Utara
2018-08-26,13,5,28,11,272,Gorontalo
2018-08-27,12,18,26,5,318,DKI Jakarta
2018-08-28,16,16,10,6,376,Sulawesi Tenggara
2018-08-29,6,14,27,9,264,Kalimantan Timur
2018-08-30,7,5,29,6,165,Nusa Tenggara Barat
2018-08-31,9,17,26,9,306,Sulawesi Selatan
2018-09-01,18,15,28,5,382,Sulawesi Tengah
2018-09-02,6,11,18,10,321,Jawa Tengah
2018-09-03,14,7,22,14,166,Kepulauan Riau
2018-09-04,10,12,15,10,193,Gorontalo
2018-09-05,11,6,19,10,164,Kalimantan Timur
2018-09-06,10,9,19,3,152,Papua Barat
2018-09-07,11,12,15,4,431,Bali
2018-09-08,5,6,17,8,375,Jawa Timur
2018-09-09,14,13,26,4,238,Kalimantan Timur
2018-09-10,5,7,19,3,102,Sulawesi Barat
2018-09-11,12,5,15,6,452,DI Yogyakarta
2018-09-12,9,5,20,3,102,Kalimantan Selatan
2018-09-13,15,17,15,11,120,Sulawesi Tenggara
2018-09-14,8,13,27,3,311,Sulawesi Utara
2018-09-15,15,12,22,10,166,Maluku Utara
2018-09-16,18,8,18,7,305,Sumatera Barat
2018-09-17,15,5,27,2,367,Papua
2018-09-18,8,6,11,9,139,Bengkulu
2018-09-19,10,18,28,11,395,Bali
2018-09-20,10,12,21,7,369,Kalimantan Tengah
2018-09-21,7,12,27,8,432,Nusa Tenggara Barat
2018-09-22,17,10,13,14,196,Kalimantan Timur
2018-09-23,11,9,19,5,376,Jawa Timur
2018-09-24,14,5,29,14,431,Sulawesi Barat
2018-09-25,6,17,24,5,206,Kalimantan Selatan
2018-09-26,7,12,16,4,179,Nusa Tenggara Timur
2018-09-27,7,15,13,7,483,Kalimantan Utara
2018-09-28,9,13,22,7,227,Jawa Tengah
2018-09-29,15,6,29,5,168,Sulawesi Utara
2018-09-30,9,19,27,10,271,Gorontalo
2018-10-01,17,12,24,8,162,DI Yogyakarta
2018-10-02,15,19,21,12,389,Banten
2018-10-03,12,11,28,14,127,Sulawesi Selatan
2018-10-04,6,13,27,11,352,Sumatera Selatan
2018-10-05,6,17,10,4,309,Jawa Barat
2018-10-06,19,14,26,9,311,Maluku
2018-10-07,10,8,26,12,337,Bengkulu
2018-10-08,19,10,29,4,363,Jambi
2018-10-09,18,19,27,2,477,Jambi
2018-10-10,11,8,25,9,263,Nusa Tenggara Timur
2018-10-11,13,11,12,2,468,Jawa Tengah
2018-10-12,15,10,24,10,213,Sumatera Utara
2018-10-13,13,6,28,12,384,Kalimantan Timur
2018-10-14,8,11,24,10,105,Riau
2018-10-15,17,5,15,9,230,Kalimantan Utara
2018-10-16,9,6,21,6,274,Kalimantan Utara
2018-10-17,15,11,14,3,442,Kepulauan Bangka Belitung
2018-10-18,15,16,19,14,191,Gorontalo
2018-10-19,5,12,26,10,321,Riau
2018-10-20,15,16,27,7,431,Maluku Utara
2018-10-21,9,6,29,14,350,Jawa Tengah
2018-10-22,19,8,24,10,350,Sulawesi Utara
2018-10-23,16,19,26,14,130,Kepulauan Riau
2018-10-24,12,12,26,10,310,Riau
2018-10-25,18,18,18,14,125,Jawa Tengah
2018-10-26,13,17,22,7,252,Sulawesi Utara
2018-10-27,11,12,14,11,245,Sulawesi Utara
2018-10-28,11,6,24,5,287,Kalimantan Selatan
2018-10-29,8,15,12,14,457,Bengkulu
2018-10-30,15,18,14,7,100,Nusa Tenggara Timur
2018-10-31,12,6,26,7,175,Kalimantan Timur
2018-11-01,12,12,17,9,143,Bali
2018-11-02,14,11,21,12,423,Gorontalo
2018-11-03,8,14,22,7,420,Nusa Tenggara Timur
2018-11-04,5,13,28,6,237,Kepulauan Riau
2018-11-05,6,11,14,2,333,Bali
2018-11-06,11,18,22,11,478,Sumatera Barat
2018-11-07,12,12,28,10,170,Nusa Tenggara Barat
2018-11-08,12,16,29,8,429,Bali
2018-11-09,7,13,15,8,295,Banten
2018-11-10,11,8,17,10,315,Papua
2018-11-11,15,14,25,9,280,Bali
2018-11-12,18,16,15,9,268,Jawa Timur
2018-11-13,16,13,25,13,282,Riau
2018-11-14,14,14,26,2,400,Jawa Barat
2018-11-15,6,7,13,2,366,Banten
2018-11-16,12,7,17,9,409,Riau
2018-11-17,8,15,22,3,407,Sulawesi Tenggara
2018-11-18,6,15,29,10,346,Sulawesi Tenggara
2018-11-19,8,5,15,8,113,Sumatera Barat
2018-11-20,19,19,27,12,380,DKI Jakarta
2018-11-21,9,8,28,9,484,Sulawesi Selatan
2018-11-22,5,18,13,13,200,Kalimantan Timur
2018-11-23,13,10,18,7,103,Jawa Tengah
2018-11-24,7,8,17,10,408,Jawa Tengah
2018-11-25,7,13,19,10,316,Gorontalo
2018-11-26,9,6,14,6,442,Jawa Timur
2018-11-27,10,14,25,5,298,Sumatera Selatan
2018-11-28,7,14,20,4,209,Jambi
2018-11-29,18,16,13,10,188,DI Yogyakarta
2018-11-30,6,15,16,14,239,Kalimantan Tengah
2018-12-01,7,13,19,11,144,Bali
2018-12-02,5,14,24,2,266,Papua
2018-12-03,8,13,27,4,451,Papua Barat
2018-12-04,17,10,15,4,363,Kepulauan Riau
2018-12-05,8,8,29,14,145,Sulawesi Selatan
2018-12-06,13,9,18,5,111,Maluku
2018-12-07,11,18,10,12,271,Maluku Utara
2018-12-08,6,12,11,4,387,Jawa Barat
2018-12-09,17,16,21,5,486,Maluku
2018-12-10,6,18,27,2,470,Kalimantan Barat
2018-12-11,13,6,13,4,261,Sumatera Selatan
2018-12-12,6,18,10,13,359,Kalimantan Utara
2018-12-13,10,12,15,13,209,Sumatera Utara
2018-12-14,17,18,16,12,241,Kalimantan Tengah
2018-12-15,7,14,15,13,119,Kalimantan Utara
2018-12-16,9,10,21,10,272,Lampung
2018-12-17,6,14,19,7,270,Sumatera Selatan
2018-12-18,11,9,12,10,453,Kepulauan Riau
2018-12-19,11,14,24,6,318,Sumatera Barat
2018-12-20,14,6,24,13,200,Sumatera Barat
2018-12-21,19,19,12,13,110,Lampung
2018-12-22,8,5,26,12,355,Gorontalo
2018-12-23,10,5,20,12,225,Kepulauan Bangka Belitung
2018-12-24,13,19,19,8,419,Sulawesi Tenggara
2018-12-25,16,19,14,11,133,Jawa Timur
2018-12-26,19,5,23,10,195,Papua Barat
2018-12-27,12,19,27,11,118,Sumatera Utara
2018-12-28,7,16,15,9,156,Riau
2018-12-29,7,15,18,11,330,DKI Jakarta
2018-12-30,11,15,21,13,316,Kepulauan Riau
2018-12-31,10,17,29,7,330,Kalimantan Tengah
2019-01-01,11,5,23,14,258,Jawa Tengah
2019-01-02,19,9,27,3,147,Sulawesi Utara
2019-01-03,16,8,19,11,291,Sumatera Barat
2019-01-04,10,19,12,14,476,Sumatera Barat
2019-01-05,11,11,24,4,439,Sulawesi Selatan
2019-01-06,6,11,17,9,485,Nusa Tenggara Barat
2019-01-07,5,8,14,7,223,Aceh
2019-01-08,8,6,14,13,368,Bengkulu
2019-01-09,16,17,20,5,317,Sumatera Selatan
2019-01-10,12,6,29,11,305,Jawa Barat
2019-01-11,11,12,20,14,298,Sulawesi Selatan
2019-01-12,8,10,26,10,355,Kalimantan Utara
2019-01-13,7,13,16,9,206,Kalimantan Tengah
2019-01-14,11,10,28,3,157,Sumatera Barat
2019-01-15,18,15,27,3,247,Jawa Timur
2019-01-16,6,7,12,9,424,Papua Barat
2019-01-17,6,6,27,6,327,Nusa Tenggara Timur
2019-01-18,19,5,29,10,245,Aceh
2019-01-19,6,14,19,12,123,DI Yogyakarta
2019-01-20,7,11,17,6,179,Kalimantan Selatan
2019-01-21,13,7,24,6,449,Sulawesi Barat
2019-01-22,13,11,18,6,380,Nusa Tenggara Barat
2019-01-23,10,19,22,10,416,DI Yogyakarta
2019-01-24,14,18,22,7,231,Gorontalo
2019-01-25,7,10,28,9,165,Maluku
2019-01-26,17,15,26,9,142,Sulawesi Utara
2019-01-27,14,9,11,2,336,Sulawesi Barat
2019-01-28,14,17,11,12,353,Maluku Utara
2019-01-29,5,11,20,9,484,Gorontalo
2019-01-30,14,12,19,12,333,Nusa Tenggara Barat
2019-01-31,9,15,12,8,183,Kalimantan Tengah
2019-02-01,8,6,10,4,140,Aceh
2019-02-02,7,18,25,10,236,Lampung
2019-02-03,19,6,26,12,288,Riau
2019-02-04,6,13,15,6,325,Sulawesi Tenggara
2019-02-05,12,17,27,14,184,Aceh
2019-02-06,11,5,23,4,316,Maluku Utara
2019-02-07,19,9,26,3,162,Sumatera Barat
2019-02-08,5,9,12,14,198,DI Yogyakarta
2019-02-09,16,8,14,4,202,Sumatera Utara
2019-02-10,18,7,11,2,297,Sumatera Barat
2019-02-11,19,9,19,14,330,Maluku Utara
2019-02-12,10,12,19,14,465,Kepulauan Riau
2019-02-13,19,9,19,14,216,Sulawesi Selatan
2019-02-14,13,7,12,9,248,Sumatera Utara
2019-02-15,5,6,16,4,242,Jambi
2019-02-16,19,14,27,4,223,Kalimantan Selatan
2019-02-17,6,14,29,8,331,Banten
2019-02-18,19,10,22,9,474,Riau
2019-02-19,19,19,18,8,471,Lampung
2019-02-20,13,16,23,9,285,Papua
2019-02-21,6,18,14,10,198,Kalimantan Tengah
2019-02-22,7,12,10,9,494,Lampung
2019-02-23,14,16,25,14,182,Sumatera Selatan
2019-02-24,16,13,16,8,216,DI Yogyakarta
2019-02-25,14,17,20,14,474,Sulawesi Barat
2019-02-26,13,18,19,8,343,Bengkulu
2019-02-27,13,10,26,14,408,Sulawesi Utara
2019-02-28,8,12,25,12,328,Bengkulu
2019-03-01,11,18,17,9,474,Bali
2019-03-02,17,9,12,9,353,Kepulauan Bangka Belitung
2019-03-03,19,12,10,12,437,Kalimantan Tengah
2019-03-04,12,6,20,10,148,Kalimantan Selatan
2019-03-05,13,14,22,10,177,Maluku
2019-03-06,11,8,27,3,226,Sumatera Barat
2019-03-07,19,8,28,11,363,Kalimantan Selatan
2019-03-08,15,15,15,8,376,Kalimantan Utara
2019-03-09,11,6,26,5,445,Kalimantan Timur
2019-03-10,17,14,23,4,295,Jawa Tengah
2019-03-11,9,16,26,3,220,Kalimantan Timur
2019-03-12,16,19,21,11,456,Sumatera Barat
2019-03-13,5,6,16,5,193,Jawa Tengah
2019-03-14,10,13,28,4,186,Lampung
2019-03-15,13,19,15,14,281,Kepulauan Riau
2019-03-16,7,9,12,13,473,Sulawesi Tenggara
2019-03-17,12,9,19,6,297,Aceh
2019-03-18,10,11,20,13,356,Jambi
2019-03-19,8,6,27,12,345,Bali
2019-03-20,11,19,29,6,341,Bali
2019-03-21,10,16,27,12,207,Sulawesi Utara
2019-03-22,6,10,13,4,177,Jawa Timur
2019-03-23,5,15,26,9,418,Bali
2019-03-24,17,13,15,14,344,Sulawesi Tenggara
2019-03-25,6,5,28,5,237,Bengkulu
2019-03-26,14,7,19,6,324,Kepulauan Bangka Belitung
2019-03-27,15,9,25,12,290,Papua
2019-03-28,19,18,24,13,425,DI Yogyakarta
2019-03-29,16,8,29,11,268,Kepulauan Bangka Belitung
2019-03-30,14,18,19,12,174,Nusa Tenggara Timur
2019-03-31,18,6,26,7,456,Jawa Barat
2019-04-01,11,19,25,7,248,Maluku
2019-04-02,14,11,14,7,452,Kepulauan Bangka Belitung
2019-04-03,19,15,26,8,421,Kalimantan Barat
2019-04-04,16,17,21,14,401,Jambi
2019-04-05,18,6,19,6,178,Jawa Tengah
2019-04-06,19,18,28,8,263,Maluku
2019-04-07,11,14,18,5,296,Lampung
2019-04-08,19,7,11,2,482,Lampung
2019-04-09,15,17,16,13,117,Kalimantan Utara
2019-04-10,11,6,13,4,367,Maluku Utara
2019-04-11,19,16,11,5,176,Papua
2019-04-12,6,5,10,4,401,Kalimantan Barat
2019-04-13,8,17,11,2,136,Kepulauan Bangka Belitung
2019-04-14,7,15,11,13,431,Kalimantan Timur
2019-04-15,12,13,24,11,479,Kepulauan Riau
2019-04-16,8,9,13,12,175,Banten
2019-04-17,19,17,11,11,141,Papua
2019-04-18,9,16,11,12,316,Kepulauan Bangka Belitung
2019-04-19,17,9,26,5,433,DI Yogyakarta
2019-04-20,14,12,24,8,350,Kalimantan Tengah
2019-04-21,19,15,13,3,435,Jawa Timur
2019-04-22,7,15,16,11,290,Sumatera Barat
2019-04-23,9,10,21,11,361,DKI Jakarta
2019-04-24,5,5,17,2,331,Maluku
2019-04-25,18,10,28,8,278,Maluku
2019-04-26,7,8,16,2,128,Riau
2019-04-27,10,6,24,12,180,Jawa Tengah
2019-04-28,11,14,11,4,390,Kepulauan Riau
2019-04-29,15,11,23,9,312,Jawa Timur
2019-04-30,18,12,26,6,260,Kalimantan Selatan
2019-05-01,13,7,16,11,118,Sumatera Utara
2019-05-02,13,16,23,9,196,Bengkulu
2019-05-03,16,19,22,12,482,Riau
2019-05-04,15,17,20,9,177,DI Yogyakarta
2019-05-05,5,19,14,12,319,Kalimantan Timur
2019-05-06,11,8,26,14,470,Kalimantan Utara
2019-05-07,12,17,21,11,316,Jawa Barat
2019-05-08,9,18,26,2,472,Papua
2019-05-09,17,16,16,8,157,Jawa Timur
2019-05-10,18,9,14,9,327,Sulawesi Utara
2019-05-11,15,7,26,11,122,DI Yogyakarta
2019-05-12,11,11,15,11,124,Sulawesi Selatan
2019-05-13,11,13,23,14,220,DKI Jakarta
2019-05-14,19,17,28,11,155,Riau
2019-05-15,14,11,21,3,329,Jawa Barat
2019-05-16,5,6,27,4,131,Sumatera Selatan
2019-05-17,8,6,16,6,205,Kalimantan Tengah
2019-05-18,8,17,15,13,261,Kepulauan Bangka Belitung
2019-05-19,5,9,29,8,229,Lampung
2019-05-20,13,8,10,3,299,Sulawesi Utara
2019-05-21,6,9,12,12,188,Jawa Barat
2019-05-22,19,11,18,5,107,DI Yogyakarta
2019-05-23,5,12,20,5,355,Jambi
2019-05-24,16,8,18,2,478,Bali
2019-05-25,14,9,11,9,244,Sulawesi Barat
2019-05-26,14,15,22,9,336,Sumatera Utara
2019-05-27,10,11,27,7,239,Papua
2019-05-28,8,7,11,13,252,Sumatera Selatan
2019-05-29,19,10,26,13,419,Lampung
2019-05-30,7,5,12,5,464,Jawa Timur
2019-05-31,12,7,19,9,306,DKI Jakarta
2019-06-01,7,15,20,7,176,Sumatera Barat
2019-06-02,6,10,12,8,345,Sulawesi Barat
2019-06-03,7,16,21,5,459,Jawa Barat
2019-06-04,13,15,12,14,101,Kalimantan Tengah
2019-06-05,13,13,13,10,288,Maluku Utara
2019-06-06,14,5,11,11,451,Sulawesi Tengah
2019-06-07,18,13,21,3,499,Papua
2019-06-08,11,12,11,11,229,Kepulauan Riau
2019-06-09,16,19,12,8,350,Sulawesi Barat
2019-06-10,8,15,12,9,336,Kalimantan Timur
2019-06-11,6,10,18,10,281,Sulawesi Barat
2019-06-12,10,7,23,11,397,Sulawesi Tenggara
2019-06-13,5,13,20,5,270,Kalimantan Selatan
2019-06-14,5,10,20,8,438,Sulawesi Tengah
2019-06-15,16,17,13,12,222,Sulawesi Utara
2019-06-16,16,16,26,6,234,Kalimantan Timur
2019-06-17,10,15,23,12,402,Sumatera Selatan
2019-06-18,12,16,18,9,295,Sumatera Utara
2019-06-19,17,8,22,9,439,Sumatera Barat
2019-06-20,19,11,16,13,111,Kalimantan Barat
2019-06-21,8,12,20,3,425,Kalimantan Utara
2019-06-22,15,8,23,13,195,Riau
2019-06-23,7,12,28,12,274,Jawa Barat
2019-06-24,15,10,29,13,213,Jawa Tengah
2019-06-25,12,19,14,2,432,Riau
2019-06-26,15,16,19,7,273,Sulawesi Utara
2019-06-27,15,5,20,3,431,Sulawesi Utara
2019-06-28,10,15,28,14,425,Bengkulu
2019-06-29,11,13,23,9,457,Bali
2019-06-30,6,17,26,10,312,Papua
2019-07-01,15,5,20,2,139,Jawa Tengah
2019-07-02,19,11,12,8,303,Sumatera Selatan
2019-07-03,10,13,17,10,375,Nusa Tenggara Barat
2019-07-04,10,10,22,5,499,Lampung
2019-07-05,18,16,13,5,348,Kalimantan Tengah
2019-07-06,5,19,28,12,474,Jawa Tengah
2019-07-07,10,15,13,10,233,Jambi
2019-07-08,19,17,23,13,489,Sulawesi Utara
2019-07-09,19,10,12,13,176,Maluku Utara
2019-07-10,7,6,11,14,190,Jambi
2019-07-11,10,10,23,12,421,Bengkulu
2019-07-12,15,15,11,2,288,Sulawesi Selatan
2019-07-13,9,9,16,10,178,Kepulauan Bangka Belitung
2019-07-14,19,5,24,8,379,Maluku
2019-07-15,7,16,13,14,139,Jawa Tengah
2019-07-16,7,13,22,12,146,Riau
2019-07-17,10,11,27,7,132,Papua Barat
2019-07-18,15,5,12,9,427,Sulawesi Utara
2019-07-19,16,10,15,11,271,Sulawesi Selatan
2019-07-20,16,5,20,6,227,Sumatera Selatan
2019-07-21,16,19,12,8,277,Papua
2019-07-22,15,16,23,10,231,Bali
2019-07-23,16,6,11,6,340,Kepulauan Riau
2019-07-24,19,17,27,6,253,Sulawesi Barat
2019-07-25,11,10,24,7,277,Kalimantan Barat
2019-07-26,6,7,23,10,229,Sumatera Selatan
2019-07-27,9,16,26,2,453,Kepulauan Bangka Belitung
2019-07-28,8,10,18,11,400,Papua
2019-07-29,7,8,24,3,365,Sulawesi Utara
2019-07-30,15,17,23,3,185,Sulawesi Utara
2019-07-31,16,11,10,7,360,Sulawesi Tengah
2019-08-01,6,13,16,14,259,Lampung
2019-08-02,12,6,26,8,393,Nusa Tenggara Barat
2019-08-03,7,7,29,13,252,DKI Jakarta
2019-08-04,13,15,21,13,307,Nusa Tenggara Timur
2019-08-05,13,10,10,7,496,Papua
2019-08-06,19,18,20,12,267,Sumatera Utara
2019-08-07,6,5,25,7,120,Papua Barat
2019-08-08,17,11,13,9,298,Maluku Utara
2019-08-09,11,8,27,9,255,Nusa Tenggara Barat
2019-08-10,14,12,25,13,130,Sulawesi Tengah
2019-08-11,9,6,11,9,464,DKI Jakarta
2019-08-12,19,6,13,12,133,Kalimantan Timur
2019-08-13,16,14,21,11,339,Sulawesi Selatan
2019-08-14,7,19,15,10,378,Nusa Tenggara Barat
2019-08-15,17,19,15,2,338,Papua
2019-08-16,8,11,29,12,472,Papua
2019-08-17,12,11,17,13,401,Nusa Tenggara Barat
2019-08-18,17,14,13,11,194,Jambi
2019-08-19,10,9,16,7,205,Aceh
2019-08-20,10,8,22,3,221,Bali
2019-08-21,10,13,13,6,110,Kalimantan Tengah
2019-08-22,11,18,27,4,107,Kepulauan Bangka Belitung
2019-08-23,10,18,14,6,373,Kalimantan Tengah
2019-08-24,6,14,29,14,294,DI Yogyakarta
2019-08-25,19,10,20,13,250,Papua Barat
2019-08-26,15,18,18,5,425,Kalimantan Tengah
2019-08-27,7,19,26,4,413,Kalimantan Barat
2019-08-28,15,15,27,11,109,Nusa Tenggara Timur
2019-08-29,8,9,29,11,205,Banten
2019-08-30,6,16,25,14,140,Kalimantan Timur
2019-08-31,19,9,11,12,145,Sumatera Selatan
2019-09-01,13,12,16,7,174,Kalimantan Tengah
2019-09-02,9,7,14,4,227,Gorontalo
2019-09-03,17,11,10,7,149,Kepulauan Riau
2019-09-04,19,18,13,10,378,Sulawesi Selatan
2019-09-05,15,11,19,12,494,Jambi
2019-09-06,6,10,29,4,180,Kepulauan Bangka Belitung
2019-09-07,16,10,17,5,157,Papua
2019-09-08,12,6,11,10,187,DI Yogyakarta
2019-09-09,16,8,14,12,265,Jawa Timur
2019-09-10,10,17,23,13,419,DKI Jakarta
2019-09-11,8,10,24,4,498,Aceh
2019-09-12,6,17,12,2,298,Banten
2019-09-13,6,16,24,3,367,Sumatera Barat
2019-09-14,13,16,20,5,379,Papua Barat
2019-09-15,7,17,13,9,425,DI Yogyakarta
2019-09-16,15,12,19,13,336,Sulawesi Barat
2019-09-17,18,17,24,7,410,Kepulauan Riau
2019-09-18,15,12,28,9,103,Lampung
2019-09-19,14,8,18,7,428,Sumatera Utara
2019-09-20,19,12,14,13,372,Kepulauan Riau
2019-09-21,17,9,24,11,448,Sumatera Barat
2019-09-22,18,17,23,14,257,Maluku
2019-09-23,19,14,26,13,139,Sulawesi Utara
2019-09-24,9,15,10,2,462,Gorontalo
2019-09-25,14,7,21,4,143,Sulawesi Selatan
2019-09-26,5,13,14,3,351,Sulawesi Tenggara
2019-09-27,5,7,15,13,388,DI Yogyakarta
2019-09-28,15,7,16,8,408,Jambi
2019-09-29,16,15,15,9,494,Banten
2019-09-30,13,7,24,14,432,Lampung
2019-10-01,11,8,13,6,172,Kalimantan Barat
2019-10-02,10,10,11,9,495,Sulawesi Selatan
2019-10-03,5,13,26,2,453,Aceh
2019-10-04,11,11,10,13,104,Jawa Barat
2019-10-05,8,17,17,9,360,Kalimantan Tengah
2019-10-06,19,5,28,4,421,DI Yogyakarta
2019-10-07,19,17,14,5,343,Kalimantan Selatan
2019-10-08,12,12,24,3,257,Sulawesi Barat
2019-10-09,11,11,17,13,236,Kalimantan Barat
2019-10-10,14,14,15,11,252,Papua Barat
2019-10-11,8,6,12,14,473,Bali
2019-10-12,12,13,19,11,212,Jawa Timur
2019-10-13,18,12,10,7,185,Bengkulu
2019-10-14,15,11,10,11,369,Sulawesi Barat
2019-10-15,6,16,29,10,297,Sumatera Selatan
2019-10-16,6,18,15,13,212,Sulawesi Selatan
2019-10-17,19,7,19,10,416,Banten
2019-10-18,10,13,22,14,255,Sulawesi Selatan
2019-10-19,13,9,10,14,214,Riau
2019-10-20,11,12,10,9,198,Sulawesi Selatan
2019-10-21,14,9,13,11,206,Kalimantan Selatan
2019-10-22,9,18,16,7,266,Kalimantan Utara
2019-10-23,12,14,16,2,467,Kepulauan Bangka Belitung
2019-10-24,10,15,11,13,355,Jambi
2019-10-25,16,13,10,13,184,Jambi
2019-10-26,14,10,15,13,201,Sulawesi Selatan
2019-10-27,15,13,11,12,247,Banten
2019-10-28,17,6,12,7,439,Kepulauan Riau
2019-10-29,5,14,17,4,223,Sulawesi Tenggara
2019-10-30,7,8,23,11,186,Sulawesi Utara
2019-10-31,5,5,14,13,499,Maluku Utara
2019-11-01,11,19,17,6,434,Sumatera Selatan
2019-11-02,18,8,20,4,187,Kalimantan Timur
2019-11-03,14,10,15,2,111,Sulawesi Selatan
2019-11-04,6,13,29,13,260,Riau
2019-11-05,10,19,19,6,358,Sulawesi Barat
2019-11-06,11,11,17,4,331,Sulawesi Selatan
2019-11-07,17,13,14,2,435,Kalimantan Tengah
2019-11-08,11,12,15,7,116,Jawa Tengah
2019-11-09,11,6,16,12,469,Aceh
2019-11-10,19,18,13,10,173,Riau
2019-11-11,9,6,22,3,410,Maluku
2019-11-12,15,8,16,12,247,Kepulauan Bangka Belitung
2019-11-13,17,7,23,4,457,Kalimantan Selatan
2019-11-14,11,9,25,3,240,Jawa Timur
2019-11-15,19,19,19,7,161,Jawa Barat
2019-11-16,18,19,29,2,272,Papua
2019-11-17,16,9,25,6,448,Sulawesi Utara
2019-11-18,15,12,18,12,229,Sumatera Selatan
2019-11-19,19,7,27,8,112,Lampung
2019-11-20,19,16,24,5,396,Kepulauan Bangka Belitung
2019-11-21,15,18,27,4,433,Maluku Utara
2019-11-22,9,12,27,11,478,Sumatera Selatan
2019-11-23,15,19,22,12,290,Aceh
2019-11-24,17,16,11,5,205,Bali
2019-11-25,9,19,25,8,372,Sulawesi Barat
2019-11-26,8,16,29,6,218,DKI Jakarta
2019-11-27,15,17,12,8,458,Sulawesi Utara
2019-11-28,11,10,11,12,166,Lampung
2019-11-29,8,18,21,13,245,Sulawesi Tengah
2019-11-30,11,19,23,11,146,Sumatera Selatan
2019-12-01,11,15,20,14,354,Sumatera Selatan
2019-12-02,8,5,16,8,135,Kalimantan Barat
2019-12-03,16,15,17,10,203,Kepulauan Riau
2019-12-04,18,15,12,14,479,DKI Jakarta
2019-12-05,16,11,12,8,137,Bengkulu
2019-12-06,6,13,11,5,394,DKI Jakarta
2019-12-07,16,8,17,14,401,Kepulauan Riau
2019-12-08,16,11,23,3,140,Nusa Tenggara Timur
2019-12-09,8,9,27,5,260,Lampung
2019-12-10,11,17,23,9,453,Jambi
2019-12-11,10,6,10,13,214,Banten
2019-12-12,18,5,28,6,112,DI Yogyakarta
2019-12-13,17,8,27,12,242,Kepulauan Riau
2019-12-14,13,6,10,8,249,Kalimantan Barat
2019-12-15,11,18,10,7,174,Kepulauan Bangka Belitung
2019-12-16,5,7,29,12,104,DI Yogyakarta
2019-12-17,11,12,29,4,423,Kepulauan Riau
2019-12-18,6,19,20,10,105,Jambi
2019-12-19,9,17,20,11,226,Sumatera Barat
2019-12-20,15,9,19,8,252,Maluku
2019-12-21,18,10,14,14,325,Sulawesi Selatan
2019-12-22,7,13,27,6,250,Sulawesi Barat
2019-12-23,6,16,29,2,103,Jawa Barat
2019-12-24,10,14,18,12,387,Sulawesi Utara
2019-12-25,9,19,22,10,347,Bengkulu
2019-12-26,16,11,12,4,146,Sumatera Selatan
2019-12-27,6,6,21,5,407,Kepulauan Riau
2019-12-28,11,16,26,6,401,Jawa Timur
2019-12-29,16,8,16,8,126,Papua Barat
2019-12-30,15,18,24,4,498,Riau
2019-12-31,11,9,17,14,280,Kalimantan Tengah
2020-01-01,11,7,28,4,148,Kepulauan Riau
2020-01-02,18,12,20,13,493,Gorontalo
2020-01-03,10,5,26,13,273,Sulawesi Barat
2020-01-04,15,10,27,3,440,Maluku
2020-01-05,8,9,22,14,114,Sulawesi Tengah
2020-01-06,6,17,27,2,226,Papua
2020-01-07,11,13,20,10,429,Jawa Timur
2020-01-08,14,14,13,11,167,Jambi
2020-01-09,15,5,22,8,267,Kalimantan Barat
2020-01-10,9,19,27,13,102,Papua
2020-01-11,15,9,18,8,177,Banten
2020-01-12,19,16,22,12,185,Sumatera Selatan
2020-01-13,8,15,12,3,416,Sulawesi Tenggara
2020-01-14,5,12,21,2,473,Jawa Barat
2020-01-15,12,12,25,13,377,Sulawesi Tengah
2020-01-16,12,6,17,4,149,Nusa Tenggara Barat
2020-01-17,14,6,18,3,315,Sulawesi Tengah
2020-01-18,14,7,17,9,112,Nusa Tenggara Barat
2020-01-19,13,15,19,4,396,Gorontalo
2020-01-20,7,14,28,5,473,Jawa Barat
2020-01-21,15,14,26,10,212,Riau
2020-01-22,17,10,12,2,219,Kalimantan Selatan
2020-01-23,6,18,16,11,349,Bali
2020-01-24,9,6,12,11,490,Papua Barat
2020-01-25,12,10,26,6,388,Nusa Tenggara Timur
2020-01-26,12,15,28,10,293,Sulawesi Utara
2020-01-27,17,16,23,12,325,Banten
2020-01-28,7,14,20,4,107,Sumatera Utara
2020-01-29,19,12,27,5,320,Jawa Barat
2020-01-30,8,8,21,6,175,Bengkulu
2020-01-31,9,16,21,3,171,Sulawesi Barat
2020-02-01,5,16,12,14,435,Sumatera Barat
2020-02-02,7,19,27,6,267,Kepulauan Riau
2020-02-03,16,5,24,14,434,Maluku Utara
2020-02-04,17,10,26,12,111,Sulawesi Tengah
2020-02-05,19,10,20,11,168,Sulawesi Selatan
2020-02-06,17,8,21,12,297,DKI Jakarta
2020-02-07,19,9,12,5,212,Sulawesi Barat
2020-02-08,15,7,13,14,313,Sulawesi Selatan
2020-02-09,9,19,23,10,456,Jawa Barat
2020-02-10,9,8,15,3,221,Bali
2020-02-11,13,9,19,13,290,Bali
2020-02-12,15,17,18,2,349,Papua
2020-02-13,17,12,19,4,438,DKI Jakarta
2020-02-14,17,14,22,3,422,Jawa Timur
2020-02-15,11,7,29,4,186,Kalimantan Barat
2020-02-16,16,8,17,4,102,Kepulauan Bangka Belitung
2020-02-17,14,13,10,7,263,Nusa Tenggara Barat
2020-02-18,11,7,27,2,211,DI Yogyakarta
2020-02-19,9,18,12,9,354,Riau
2020-02-20,12,12,14,6,284,Gorontalo
2020-02-21,14,13,23,4,263,Kepulauan Bangka Belitung
2020-02-22,11,18,23,10,128,Kepulauan Bangka Belitung
2020-02-23,14,13,16,8,476,Aceh
2020-02-24,17,8,10,14,362,Kepulauan Bangka Belitung
2020-02-25,8,19,24,10,235,Sulawesi Tenggara
2020-02-26,14,7,18,2,330,Sulawesi Utara
2020-02-27,6,13,11,11,275,Sulawesi Utara
2020-02-28,19,15,14,14,310,Sulawesi Tenggara
2020-02-29,14,11,24,5,348,Jawa Tengah
2020-03-01,11,10,11,14,336,Gorontalo
2020-03-02,12,13,26,8,249,Jawa Timur
2020-03-03,10,13,25,8,356,Kalimantan Barat
2020-03-04,12,14,23,10,303,Sulawesi Tengah
2020-03-05,12,17,25,13,119,Sulawesi Tenggara
2020-03-06,12,18,14,8,493,Kepulauan Riau
2020-03-07,7,13,20,14,482,Jambi
2020-03-08,16,6,13,7,177,Sumatera Utara
2020-03-09,15,6,21,9,458,Nusa Tenggara Timur
2020-03-10,15,5,16,4,203,Sumatera Barat
2020-03-11,17,15,12,8,167,Kepulauan Riau
2020-03-12,9,18,14,10,266,Banten
2020-03-13,9,16,15,10,107,Sulawesi Tenggara
2020-03-14,18,13,28,11,494,Sumatera Selatan
2020-03-15,6,18,28,2,395,Sulawesi Tenggara
2020-03-16,9,12,17,3,256,Papua
2020-03-17,17,14,14,10,135,Jawa Timur
2020-03-18,13,6,13,5,234,Riau
2020-03-19,7,14,27,14,415,Aceh
2020-03-20,8,15,18,6,212,Kalimantan Timur
2020-03-21,10,16,21,12,426,Kalimantan Selatan
2020-03-22,6,7,20,6,424,Jawa Barat
2020-03-23,12,9,16,4,279,Nusa Tenggara Timur
2020-03-24,16,15,12,8,301,Sulawesi Barat
2020-03-25,8,9,18,3,272,Kepulauan Bangka Belitung
2020-03-26,8,16,22,10,135,Sulawesi Tenggara
2020-03-27,18,15,28,7,235,Bali
2020-03-28,5,7,29,4,331,Maluku
2020-03-29,12,15,11,5,406,Aceh
2020-03-30,7,13,25,8,371,Bengkulu
2020-03-31,11,17,16,5,129,Nusa Tenggara Barat
2020-04-01,18,8,25,10,133,Bali
2020-04-02,17,7,27,13,273,Kepulauan Riau
2020-04-03,9,9,24,8,332,Sulawesi Tenggara
2020-04-04,13,19,11,5,294,Banten
2020-04-05,19,13,29,3,268,Papua Barat
2020-04-06,7,10,11,7,115,Maluku
2020-04-07,9,13,19,12,430,Sulawesi Tenggara
2020-04-08,19,18,22,13,145,Papua Barat
2020-04-09,14,5,28,10,231,Kepulauan Bangka Belitung
2020-04-10,17,15,23,13,446,Bengkulu
2020-04-11,8,17,24,4,140,Sumatera Barat
2020-04-12,9,11,27,8,230,Sulawesi Utara
2020-04-13,6,8,18,4,240,Kalimantan Selatan
2020-04-14,8,7,24,14,111,Papua
2020-04-15,13,17,22,6,415,DI Yogyakarta
2020-04-16,16,19,27,14,162,Bengkulu
2020-04-17,6,19,13,13,339,Sulawesi Tengah
2020-04-18,14,8,23,8,221,Gorontalo
2020-04-19,13,12,13,7,274,Sumatera Selatan
2020-04-20,13,8,22,3,240,Sumatera Barat
2020-04-21,5,8,25,11,482,Banten
2020-04-22,11,11,29,10,443,Sulawesi Selatan
2020-04-23,5,11,23,7,417,Papua Barat
2020-04-24,11,15,13,13,144,Sumatera Utara
2020-04-25,12,7,11,9,186,Aceh
2020-04-26,19,18,19,14,148,Kalimantan Utara
2020-04-27,10,16,15,8,455,Banten
2020-04-28,17,5,18,4,356,DI Yogyakarta
2020-04-29,7,5,17,5,105,Sulawesi Selatan
2020-04-30,13,13,10,6,163,Kepulauan Bangka Belitung
2020-05-01,18,11,26,12,408,Kalimantan Timur
2020-05-02,15,14,19,13,496,Maluku
2020-05-03,13,9,15,10,250,Nusa Tenggara Barat
2020-05-04,15,16,17,6,163,Kalimantan Selatan
2020-05-05,12,12,24,5,307,Sulawesi Barat
2020-05-06,17,11,19,13,317,Aceh
2020-05-07,9,16,15,4,284,Kepulauan Riau
2020-05-08,6,16,29,4,434,Sulawesi Barat
2020-05-09,16,9,28,13,310,Nusa Tenggara Barat
2020-05-10,17,8,19,10,126,Sulawesi Utara
2020-05-11,19,14,13,5,492,Aceh
2020-05-12,18,5,20,4,160,Sulawesi Selatan
2020-05-13,19,10,27,14,341,Jawa Barat
2020-05-14,17,19,23,14,359,Maluku Utara
2020-05-15,14,15,17,10,115,Sulawesi Tenggara
2020-05-16,5,16,18,4,244,Bengkulu
2020-05-17,8,16,22,11,433,Aceh
2020-05-18,15,11,15,10,330,Maluku Utara
2020-05-19,17,13,21,14,132,Kepulauan Riau
2020-05-20,19,15,24,3,100,Banten
2020-05-21,19,9,29,12,457,DI Yogyakarta
2020-05-22,9,11,11,12,274,Sulawesi Selatan
2020-05-23,14,5,18,8,336,Maluku
2020-05-24,19,13,19,7,384,Sulawesi Utara
2020-05-25,8,16,15,9,411,Maluku Utara
2020-05-26,6,14,29,9,482,Gorontalo
2020-05-27,9,12,27,2,434,Papua
2020-05-28,12,14,16,2,497,Sulawesi Selatan
2020-05-29,14,8,19,11,240,Kalimantan Tengah
2020-05-30,14,12,22,10,209,Kalimantan Selatan
2020-05-31,10,10,27,10,299,Kalimantan Barat
2020-06-01,15,14,11,5,313,Sulawesi Barat
2020-06-02,10,17,16,4,369,Kepulauan Riau
2020-06-03,14,18,28,11,350,Bengkulu
2020-06-04,11,16,16,11,489,Bengkulu
2020-06-05,6,15,17,6,183,Kalimantan Utara
2020-06-06,12,18,18,10,242,Nusa Tenggara Barat
2020-06-07,19,11,29,2,460,Sulawesi Tenggara
2020-06-08,11,13,12,13,175,Bali
2020-06-09,10,5,20,13,342,Kalimantan Utara
2020-06-10,12,11,18,4,361,DI Yogyakarta
2020-06-11,13,15,28,8,420,Kalimantan Tengah
2020-06-12,6,10,20,5,361,Kalimantan Selatan
2020-06-13,17,6,13,11,462,Sulawesi Utara
2020-06-14,5,10,15,12,229,Maluku Utara
2020-06-15,10,10,22,9,118,Riau
2020-06-16,9,16,23,12,112,Nusa Tenggara Timur
2020-06-17,18,7,11,13,391,Kepulauan Riau
2020-06-18,19,9,25,4,356,Gorontalo
2020-06-19,12,9,11,10,138,Kalimantan Barat
2020-06-20,16,16,10,5,316,Jawa Timur
2020-06-21,19,17,27,2,329,Gorontalo
2020-06-22,14,18,28,14,348,Jawa Tengah
2020-06-23,6,16,25,6,458,Jambi
2020-06-24,15,6,23,7,190,Sumatera Utara
2020-06-25,17,14,11,7,419,Jawa Tengah
2020-06-26,16,6,17,4,290,Kalimantan Timur
2020-06-27,14,12,20,13,252,Jambi
2020-06-28,14,10,23,9,425,Maluku Utara
2020-06-29,9,14,15,13,190,Kalimantan Selatan
2020-06-30,14,11,21,10,228,Jambi
2020-07-01,6,5,19,9,302,Riau
2020-07-02,18,5,25,7,194,Sulawesi Utara
2020-07-03,6,18,17,9,357,Kepulauan Riau
2020-07-04,19,15,15,11,483,Sulawesi Tenggara
2020-07-05,15,15,26,7,244,Nusa Tenggara Timur
2020-07-06,6,5,22,13,192,Lampung
2020-07-07,12,19,27,9,263,Jambi
2020-07-08,16,16,19,4,490,Papua Barat
2020-07-09,6,10,16,3,472,Sulawesi Tengah
2020-07-10,17,13,12,10,355,Lampung
2020-07-11,8,12,25,2,316,Sulawesi Utara
2020-07-12,9,14,28,3,267,Jambi
2020-07-13,16,13,17,13,235,Kalimantan Utara
2020-07-14,8,11,24,9,175,Maluku
2020-07-15,11,5,12,12,125,DI Yogyakarta
2020-07-16,13,14,10,14,375,Kalimantan Barat
2020-07-17,16,14,16,9,122,Bengkulu
2020-07-18,17,15,14,4,244,Kepulauan Bangka Belitung
2020-07-19,16,12,12,14,488,Gorontalo
2020-07-20,9,10,22,11,375,Sumatera Utara
2020-07-21,15,13,21,11,466,Sulawesi Barat
2020-07-22,6,10,18,9,336,Maluku Utara
2020-07-23,14,16,15,11,102,Lampung
2020-07-24,11,8,18,4,448,Sulawesi Selatan
2020-07-25,19,9,10,4,349,DKI Jakarta
2020-07-26,6,6,15,5,292,Nusa Tenggara Timur
2020-07-27,13,10,23,13,358,Aceh
2020-07-28,7,14,21,4,210,Aceh
2020-07-29,14,11,19,4,355,Bengkulu
2020-07-30,8,8,13,7,390,Sulawesi Tengah
2020-07-31,10,13,10,9,313,Papua Barat
2020-08-01,13,14,15,7,260,Sumatera Selatan
2020-08-02,18,16,17,12,159,Bali
2020-08-03,16,7,28,3,217,Kalimantan Timur
2020-08-04,10,15,18,3,132,Sulawesi Utara
2020-08-05,12,5,15,13,454,Banten
2020-08-06,6,6,22,9,453,Lampung
2020-08-07,10,19,15,10,168,Maluku Utara
2020-08-08,6,12,19,2,377,Kepulauan Riau
2020-08-09,5,6,11,4,164,Sumatera Barat
2020-08-10,12,14,29,2,459,Kalimantan Tengah
2020-08-11,19,19,29,7,329,Bengkulu
2020-08-12,13,13,27,11,282,Jawa Tengah
2020-08-13,17,16,10,12,488,Bali
2020-08-14,13,11,16,4,377,Sulawesi Utara
2020-08-15,12,13,12,12,318,Papua
2020-08-16,19,11,26,5,251,Riau
2020-08-17,6,12,21,4,174,Kepulauan Bangka Belitung
2020-08-18,18,12,17,3,372,Maluku
2020-08-19,11,14,22,3,171,Sumatera Barat
2020-08-20,9,6,12,12,255,Nusa Tenggara Timur
2020-08-21,16,14,19,10,439,Sulawesi Barat
2020-08-22,7,12,19,6,482,Bengkulu
2020-08-23,5,17,11,9,183,Kalimantan Tengah
2020-08-24,5,14,23,6,152,Sumatera Utara
2020-08-25,13,19,28,8,157,Jambi
2020-08-26,7,6,15,4,137,Kalimantan Barat
2020-08-27,10,17,13,14,498,Sumatera Barat
2020-08-28,16,9,20,11,143,Kepulauan Riau
2020-08-29,9,13,16,13,325,Bali
2020-08-30,17,13,13,11,281,Sumatera Selatan
2020-08-31,17,14,21,3,484,Banten
2020-09-01,13,13,25,2,100,Sumatera Selatan
2020-09-02,18,13,21,11,137,Kalimantan Timur
2020-09-03,5,7,25,7,202,Jawa Timur
2020-09-04,11,15,16,8,165,Aceh
2020-09-05,10,11,10,5,456,Kalimantan Timur
2020-09-06,19,9,26,9,214,Lampung
2020-09-07,6,10,17,13,239,Kalimantan Utara
2020-09-08,8,10,29,11,489,Sulawesi Utara
2020-09-09,7,6,28,13,292,Kalimantan Tengah
2020-09-10,6,11,10,12,361,Sumatera Selatan
2020-09-11,12,7,15,6,472,Nusa Tenggara Timur
2020-09-12,14,19,22,7,315,Gorontalo
2020-09-13,10,5,17,12,405,Kalimantan Selatan
2020-09-14,9,7,29,7,293,Riau
2020-09-15,13,13,19,6,473,Bengkulu
2020-09-16,17,19,12,5,447,Kepulauan Riau
2020-09-17,12,13,22,8,123,Jawa Barat
2020-09-18,7,13,19,2,208,Kalimantan Selatan
2020-09-19,19,9,26,6,341,Maluku
2020-09-20,18,16,15,9,393,Sumatera Utara
2020-09-21,19,16,14,4,303,Kalimantan Barat
2020-09-22,10,12,26,11,185,Banten
2020-09-23,7,17,29,10,224,Sulawesi Barat
2020-09-24,7,12,22,4,159,Jawa Barat
2020-09-25,9,14,22,14,487,Sumatera Utara
2020-09-26,16,8,18,4,483,Papua Barat
2020-09-27,16,12,10,7,484,Nusa Tenggara Timur
2020-09-28,11,10,10,8,367,Maluku
2020-09-29,9,19,20,12,312,Kalimantan Timur
2020-09-30,6,18,14,6,489,Aceh
2020-10-01,16,19,28,2,167,Bengkulu
2020-10-02,16,12,25,12,496,Maluku
2020-10-03,8,13,29,2,223,Nusa Tenggara Timur
2020-10-04,6,5,24,12,483,Kalimantan Tengah
2020-10-05,11,8,27,2,223,Papua Barat
2020-10-06,9,5,24,7,256,DKI Jakarta
2020-10-07,18,8,18,3,220,Sulawesi Barat
2020-10-08,11,9,22,14,258,Jawa Timur
2020-10-09,18,6,15,11,103,Kalimantan Tengah
2020-10-10,11,7,29,9,191,Kalimantan Barat
2020-10-11,13,13,10,10,458,Sumatera Utara
2020-10-12,12,18,13,10,325,Banten
2020-10-13,12,11,10,5,266,Lampung
2020-10-14,14,15,25,7,492,Jawa Timur
2020-10-15,7,14,19,8,121,Jambi
2020-10-16,10,13,17,13,366,Jawa Barat
2020-10-17,11,12,13,13,212,Bali
2020-10-18,8,6,13,2,338,Jawa Barat
2020-10-19,18,12,13,8,194,Jawa Barat
2020-10-20,7,16,11,14,135,Maluku Utara
2020-10-21,8,14,27,5,280,Jambi
2020-10-22,9,12,11,3,308,Sulawesi Barat
2020-10-23,6,15,28,6,255,DI Yogyakarta
2020-10-24,19,6,11,14,293,DKI Jakarta
2020-10-25,12,8,11,13,404,Gorontalo
2020-10-26,12,13,27,2,319,Papua Barat
2020-10-27,17,8,15,3,335,Sulawesi Selatan
2020-10-28,7,10,22,6,349,Kepulauan Bangka Belitung
2020-10-29,9,9,13,8,338,Kalimantan Tengah
2020-10-30,19,11,12,4,338,Sumatera Barat
2020-10-31,15,19,27,8,356,Riau
2020-11-01,14,18,13,13,414,Papua
2020-11-02,18,5,27,13,150,Maluku
2020-11-03,11,12,29,9,311,Maluku
2020-11-04,19,9,18,13,237,Sulawesi Barat
2020-11-05,16,18,22,2,226,Kalimantan Utara
2020-11-06,14,10,10,9,416,Bali
2020-11-07,11,14,10,2,148,Sulawesi Tenggara
2020-11-08,5,14,24,4,226,Sulawesi Tengah
2020-11-09,13,19,29,12,304,Sumatera Selatan
2020-11-10,8,16,25,4,222,Jawa Barat
2020-11-11,10,16,18,9,197,Bali
2020-11-12,16,16,23,11,377,Kalimantan Selatan
2020-11-13,6,9,10,3,473,Kalimantan Barat
2020-11-14,5,16,10,5,332,Nusa Tenggara Timur
2020-11-15,13,10,23,12,170,DI Yogyakarta
2020-11-16,8,11,11,7,243,Maluku Utara
2020-11-17,11,15,21,13,360,Kalimantan Barat
2020-11-18,14,16,15,14,105,Jawa Timur
2020-11-19,18,18,29,14,252,Jambi
2020-11-20,10,13,15,8,305,Aceh
2020-11-21,16,18,26,2,283,Nusa Tenggara Timur
2020-11-22,17,9,12,4,136,DKI Jakarta
2020-11-23,13,13,22,5,470,Nusa Tenggara Timur
2020-11-24,12,14,13,2,197,Kalimantan Barat
2020-11-25,14,14,12,5,152,Riau
2020-11-26,8,16,17,11,304,Sumatera Selatan
2020-11-27,17,10,17,14,248,Sulawesi Utara
2020-11-28,8,11,25,3,173,Riau
2020-11-29,19,13,29,11,356,Sumatera Utara
2020-11-30,17,7,22,5,462,Kalimantan Timur
2020-12-01,17,7,15,6,267,DKI Jakarta
2020-12-02,11,8,21,4,420,Sumatera Utara
2020-12-03,11,12,11,11,100,Jawa Timur
2020-12-04,18,5,27,8,429,Sumatera Selatan
2020-12-05,6,11,14,2,235,Gorontalo
2020-12-06,10,15,24,9,417,Sulawesi Barat
2020-12-07,6,16,14,8,255,Papua
2020-12-08,5,17,29,3,355,DKI Jakarta
2020-12-09,7,15,15,10,217,Sulawesi Tenggara
2020-12-10,17,16,17,14,353,Bengkulu
2020-12-11,14,15,29,3,445,Kalimantan Barat
2020-12-12,9,19,21,13,461,Jawa Tengah
2020-12-13,10,18,14,13,258,Lampung
2020-12-14,15,16,14,7,123,Sulawesi Tenggara
2020-12-15,6,6,12,13,397,Aceh
2020-12-16,18,6,27,14,168,Sulawesi Tenggara
2020-12-17,14,7,17,14,304,DI Yogyakarta
2020-12-18,15,10,13,2,447,Nusa Tenggara Barat
2020-12-19,18,9,18,3,203,Kepulauan Riau
2020-12-20,13,12,24,2,194,Maluku Utara
2020-12-21,5,5,14,6,370,DI Yogyakarta
2020-12-22,9,10,24,3,445,Sulawesi Utara
2020-12-23,7,8,14,14,412,Papua
2020-12-24,12,11,15,6,446,Bengkulu
2020-12-25,16,7,21,3,482,Kalimantan Tengah
2020-12-26,15,10,28,13,293,Sumatera Selatan
2020-12-27,6,6,21,6,499,Jawa Timur
2020-12-28,16,6,17,5,371,Kepulauan Riau
2020-12-29,12,8,24,9,426,Jawa Timur
2020-12-30,13,19,10,6,303,Jawa Barat
2020-12-31,5,13,20,7,431,Nusa Tenggara Barat
2021-01-01,14,5,21,7,373,DI Yogyakarta
2021-01-02,13,12,15,12,166,Banten
2021-01-03,7,8,26,13,471,Jawa Barat
2021-01-04,17,15,21,4,409,Nusa Tenggara Barat
2021-01-05,9,5,27,11,410,Bali
2021-01-06,11,13,16,6,136,Maluku
2021-01-07,10,14,17,13,360,Kepulauan Riau
2021-01-08,17,10,21,9,494,Sumatera Barat
2021-01-09,18,14,10,11,472,Riau
2021-01-10,18,11,13,12,210,Sulawesi Barat
2021-01-11,8,8,24,7,396,Kalimantan Timur
2021-01-12,5,9,13,12,229,Banten
2021-01-13,14,9,25,14,253,Sulawesi Tengah
2021-01-14,5,5,26,7,462,Gorontalo
2021-01-15,19,16,29,11,404,Sulawesi Selatan
2021-01-16,8,19,27,13,324,Maluku
2021-01-17,17,16,18,8,106,Kalimantan Barat
2021-01-18,10,19,14,14,281,Jawa Tengah
2021-01-19,16,17,24,8,469,Bali
2021-01-20,17,12,24,10,188,Bali
2021-01-21,19,8,18,5,434,Kalimantan Tengah
2021-01-22,7,19,21,13,466,DKI Jakarta
2021-01-23,14,15,13,3,491,Kepulauan Riau
2021-01-24,11,18,27,7,136,Lampung
2021-01-25,7,14,24,13,107,Sulawesi Utara
2021-01-26,9,5,24,8,371,Kalimantan Utara
2021-01-27,17,19,13,4,158,Nusa Tenggara Barat
2021-01-28,11,19,16,11,451,Sumatera Barat
2021-01-29,8,10,20,2,427,Sulawesi Barat
2021-01-30,18,6,12,12,122,Sumatera Barat
2021-01-31,10,14,10,5,103,Jawa Timur
2021-02-01,15,16,20,10,445,Jawa Tengah
2021-02-02,7,16,19,11,302,Kalimantan Utara
2021-02-03,11,6,16,9,322,Kalimantan Timur
2021-02-04,10,10,26,5,424,Sulawesi Tengah
2021-02-05,18,18,23,10,361,Kalimantan Timur
2021-02-06,10,18,21,2,218,Jawa Tengah
2021-02-07,11,13,24,3,209,Kalimantan Selatan
2021-02-08,7,18,21,12,185,Sumatera Utara
2021-02-09,8,11,27,13,494,Maluku
2021-02-10,7,6,23,9,171,Kalimantan Barat
2021-02-11,16,15,23,14,222,Bengkulu
2021-02-12,17,17,12,9,334,Sumatera Selatan
2021-02-13,13,12,10,3,340,Sulawesi Tenggara
2021-02-14,5,18,24,11,413,Aceh
2021-02-15,14,9,12,7,388,Bali
2021-02-16,11,19,28,8,493,Kalimantan Selatan
2021-02-17,13,5,16,8,197,Gorontalo
2021-02-18,15,8,16,12,293,Jawa Barat
2021-02-19,7,13,26,10,390,Banten
2021-02-20,18,6,29,4,273,Lampung
2021-02-21,14,15,26,14,131,Sulawesi Selatan
2021-02-22,18,7,12,5,497,Jawa Tengah
2021-02-23,7,18,27,7,301,Sulawesi Tenggara
2021-02-24,9,15,21,7,212,Nusa Tenggara Barat
2021-02-25,5,12,18,7,166,Jambi
2021-02-26,17,13,29,3,114,Kalimantan Utara
2021-02-27,16,11,23,8,293,Nusa Tenggara Barat
2021-02-28,11,11,14,12,479,Sulawesi Barat
2021-03-01,19,11,12,6,378,Sulawesi Tengah
2021-03-02,13,19,28,13,455,Maluku Utara
2021-03-03,18,18,17,8,313,DI Yogyakarta
2021-03-04,11,6,29,7,188,Sulawesi Utara
2021-03-05,13,7,28,11,209,Sumatera Utara
2021-03-06,7,8,18,13,295,Riau
2021-03-07,10,19,12,9,311,Kalimantan Selatan
2021-03-08,18,14,18,2,197,Bali
2021-03-09,15,9,21,3,435,Papua
2021-03-10,8,14,12,6,418,Nusa Tenggara Barat
2021-03-11,18,13,16,8,378,Sulawesi Utara
2021-03-12,15,8,14,6,110,Papua Barat
2021-03-13,15,19,21,7,389,Sumatera Selatan
2021-03-14,12,8,16,9,156,Sumatera Selatan
2021-03-15,5,12,28,2,498,Kepulauan Bangka Belitung
2021-03-16,18,12,23,14,166,Aceh
2021-03-17,19,17,24,3,374,Papua Barat
2021-03-18,8,12,27,9,102,DKI Jakarta
2021-03-19,17,19,19,11,322,Bengkulu
2021-03-20,9,8,12,12,129,Sulawesi Selatan
2021-03-21,11,7,12,7,245,Sumatera Barat
2021-03-22,17,14,11,4,116,Kalimantan Tengah
2021-03-23,12,13,11,2,484,Sulawesi Barat
2021-03-24,11,7,11,8,265,Kepulauan Riau
2021-03-25,5,7,11,7,473,Nusa Tenggara Barat
2021-03-26,6,9,26,12,342,Jawa Tengah
2021-03-27,7,10,24,4,420,Sulawesi Barat
2021-03-28,13,18,22,8,276,Jawa Tengah
2021-03-29,18,7,22,14,301,Kepulauan Bangka Belitung
2021-03-30,11,14,17,2,188,Bali
2021-03-31,8,7,24,7,265,Sulawesi Tenggara
2021-04-01,13,13,16,10,169,Sumatera Barat
2021-04-02,9,11,28,6,220,Maluku
2021-04-03,14,6,24,3,378,Gorontalo
2021-04-04,17,16,21,4,327,Sulawesi Tenggara
2021-04-05,17,9,26,7,495,Sulawesi Utara
2021-04-06,10,16,15,6,250,Papua Barat
2021-04-07,12,16,12,3,326,Sulawesi Selatan
2021-04-08,15,15,25,2,314,Kalimantan Selatan
2021-04-09,14,17,19,12,360,Sulawesi Barat
2021-04-10,18,19,23,11,427,Maluku Utara
2021-04-11,12,5,18,2,281,Sumatera Barat
2021-04-12,15,15,19,11,420,DI Yogyakarta
2021-04-13,18,17,29,4,106,Maluku
2021-04-14,15,11,16,8,469,Sumatera Utara
2021-04-15,5,12,28,13,473,Jawa Tengah
2021-04-16,14,18,17,9,179,Sumatera Utara
2021-04-17,8,5,16,12,197,Gorontalo
2021-04-18,7,14,15,2,155,Sulawesi Barat
2021-04-19,8,15,22,12,401,Kalimantan Utara
2021-04-20,6,19,29,8,442,Sulawesi Tenggara
2021-04-21,14,10,16,12,321,Kepulauan Bangka Belitung
2021-04-22,14,17,19,11,400,Jawa Tengah
2021-04-23,5,12,11,12,493,Sulawesi Utara
2021-04-24,8,18,28,8,189,Jambi
2021-04-25,8,16,24,5,471,Kalimantan Tengah
2021-04-26,7,14,13,6,301,Maluku Utara
2021-04-27,10,17,15,14,372,Kalimantan Utara
2021-04-28,12,6,23,2,392,Lampung
2021-04-29,13,12,13,14,211,Nusa Tenggara Barat
2021-04-30,12,19,17,9,229,Jawa Barat
2021-05-01,9,18,21,6,295,Bali
2021-05-02,5,6,11,10,281,Jawa Tengah
2021-05-03,8,6,20,3,150,Sulawesi Tengah
2021-05-04,15,13,22,13,119,Bali
2021-05-05,19,19,22,13,189,Kalimantan Timur
2021-05-06,7,12,14,3,456,Sumatera Selatan
2021-05-07,11,17,24,13,233,Sulawesi Tengah
2021-05-08,14,9,23,4,248,Papua
2021-05-09,11,16,15,13,308,Kepulauan Bangka Belitung
2021-05-10,7,14,17,11,487,Jawa Barat
2021-05-11,19,5,14,4,285,Riau
2021-05-12,5,17,19,11,396,Aceh
2021-05-13,15,6,26,3,157,Sumatera Barat
2021-05-14,9,8,29,7,139,DKI Jakarta
2021-05-15,18,8,18,6,148,Jambi
2021-05-16,10,5,28,10,387,Kepulauan Bangka Belitung
2021-05-17,8,6,27,10,338,Nusa Tenggara Barat
2021-05-18,19,14,14,9,152,Bengkulu
2021-05-19,18,17,13,10,453,DKI Jakarta
2021-05-20,7,10,11,7,317,Kalimantan Selatan
2021-05-21,10,9,28,4,451,Jawa Timur
2021-05-22,5,15,24,9,391,Riau
2021-05-23,5,5,28,11,169,Sumatera Barat
2021-05-24,9,8,21,2,356,Sumatera Selatan
2021-05-25,15,16,20,11,387,Maluku
2021-05-26,19,14,18,4,425,Kalimantan Barat
2021-05-27,7,10,13,8,124,Bengkulu
2021-05-28,11,18,20,3,177,Jawa Barat
2021-05-29,19,6,26,2,455,DI Yogyakarta
2021-05-30,7,16,29,4,232,Sulawesi Tengah
2021-05-31,14,11,13,11,408,Jawa Timur
2021-06-01,15,16,16,10,471,Sulawesi Barat
2021-06-02,9,14,20,12,368,Kalimantan Timur
2021-06-03,6,8,21,10,213,Sumatera Barat
2021-06-04,17,16,12,14,332,Banten
2021-06-05,17,11,18,10,479,Papua Barat
2021-06-06,8,8,27,10,301,Kalimantan Utara
2021-06-07,18,6,19,7,412,Kepulauan Bangka Belitung
2021-06-08,8,14,14,14,481,Jawa Timur
2021-06-09,19,13,16,14,144,DKI Jakarta
2021-06-10,7,17,27,14,417,Maluku Utara
2021-06-11,15,11,28,2,376,Jambi
2021-06-12,16,18,21,3,276,Bengkulu
2021-06-13,14,7,13,8,213,Bali
2021-06-14,13,18,20,7,423,Gorontalo
2021-06-15,13,15,11,3,192,Jawa Barat
2021-06-16,18,8,29,14,374,Sulawesi Selatan
2021-06-17,5,15,11,11,140,Lampung
2021-06-18,11,9,15,8,428,Sumatera Barat
2021-06-19,10,7,19,7,395,Banten
2021-06-20,16,13,10,12,226,Jawa Timur
2021-06-21,9,17,29,12,195,Kalimantan Utara
2021-06-22,19,8,29,10,490,Sulawesi Utara
2021-06-23,17,11,25,10,234,Gorontalo
2021-06-24,10,11,17,14,433,Papua Barat
2021-06-25,6,16,15,3,418,DKI Jakarta
2021-06-26,17,16,27,3,337,Papua
2021-06-27,13,13,27,12,236,Papua Barat
2021-06-28,9,14,14,11,164,Jawa Timur
2021-06-29,12,8,17,6,313,Kalimantan Barat
2021-06-30,11,7,18,12,163,Sulawesi Tengah
2021-07-01,13,5,15,13,453,Sulawesi Tengah
2021-07-02,9,18,17,3,182,Jawa Barat
2021-07-03,13,19,28,11,259,Sulawesi Barat
2021-07-04,12,7,10,8,363,Bali
2021-07-05,8,9,25,8,339,Banten
2021-07-06,17,7,24,13,457,Kepulauan Bangka Belitung
2021-07-07,14,10,21,2,477,Jawa Timur
2021-07-08,10,7,23,4,105,Jawa Tengah
2021-07-09,17,12,25,5,345,Jawa Barat
2021-07-10,5,9,23,8,275,Aceh
2021-07-11,10,19,15,2,190,Sulawesi Barat
2021-07-12,5,12,16,13,409,DKI Jakarta
2021-07-13,5,17,25,5,467,Kalimantan Utara
2021-07-14,11,15,19,5,280,DKI Jakarta
2021-07-15,13,10,12,11,410,DKI Jakarta
2021-07-16,13,14,12,5,244,Gorontalo
2021-07-17,6,14,13,5,198,Nusa Tenggara Timur
2021-07-18,15,18,11,10,162,Sumatera Utara
2021-07-19,8,16,15,2,407,Sumatera Utara
2021-07-20,8,11,15,2,421,Jawa Timur
2021-07-21,5,13,13,13,482,Aceh
2021-07-22,19,5,13,6,325,Kalimantan Utara
2021-07-23,5,9,25,14,375,DKI Jakarta
2021-07-24,10,14,22,8,291,Jambi
2021-07-25,8,6,15,10,265,Lampung
2021-07-26,7,13,29,12,437,Jawa Barat
2021-07-27,10,17,15,14,482,Papua Barat
2021-07-28,14,17,27,8,346,Banten
2021-07-29,19,5,26,14,322,Kepulauan Riau
2021-07-30,7,19,20,14,279,DKI Jakarta
2021-07-31,5,15,21,14,136,Nusa Tenggara Timur
2021-08-01,15,11,26,5,107,Aceh
2021-08-02,13,12,21,3,155,Papua Barat
2021-08-03,9,13,17,2,275,Nusa Tenggara Timur
2021-08-04,12,6,10,7,368,Kalimantan Timur
2021-08-05,7,13,16,10,126,Sumatera Barat
2021-08-06,10,15,27,7,390,Kalimantan Barat
2021-08-07,6,17,16,4,245,Nusa Tenggara Timur
2021-08-08,10,12,24,3,287,Sumatera Barat
2021-08-09,7,17,26,6,129,Kalimantan Selatan
2021-08-10,16,5,19,8,183,Kalimantan Barat
2021-08-11,6,9,22,5,157,Bali
2021-08-12,12,16,29,8,257,Sumatera Barat
2021-08-13,11,13,17,4,495,Jawa Tengah
2021-08-14,9,6,16,9,458,Jawa Barat
2021-08-15,17,14,27,4,497,Aceh
2021-08-16,12,9,29,9,223,Kepulauan Riau
2021-08-17,9,10,15,2,207,Sumatera Utara
2021-08-18,7,7,21,14,113,Kalimantan Timur
2021-08-19,10,14,22,12,345,Kepulauan Riau
2021-08-20,14,16,28,6,447,DKI Jakarta
2021-08-21,13,5,23,8,189,Papua
2021-08-22,13,18,12,5,195,Bengkulu
2021-08-23,18,8,27,12,444,Kalimantan Utara
2021-08-24,9,15,26,12,356,Nusa Tenggara Timur
2021-08-25,7,5,13,3,258,DKI Jakarta
2021-08-26,10,11,28,5,105,Maluku
2021-08-27,5,13,21,13,435,Sumatera Barat
2021-08-28,8,7,24,11,473,Nusa Tenggara Barat
2021-08-29,7,14,15,8,445,Kalimantan Barat
2021-08-30,17,17,15,10,314,Sulawesi Utara
2021-08-31,5,11,16,11,361,Lampung
2021-09-01,16,10,26,7,327,Riau
2021-09-02,10,6,13,14,152,Maluku Utara
2021-09-03,8,12,10,14,345,DI Yogyakarta
2021-09-04,12,9,10,10,164,Maluku Utara
2021-09-05,12,13,17,2,355,Riau
2021-09-06,7,17,25,5,380,Kalimantan Utara
2021-09-07,14,11,13,4,481,Sulawesi Utara
2021-09-08,15,14,18,14,319,Nusa Tenggara Barat
2021-09-09,9,11,26,10,282,Nusa Tenggara Barat
2021-09-10,5,15,19,3,242,Aceh
2021-09-11,15,18,18,5,478,Maluku Utara
2021-09-12,8,13,19,14,402,Jambi
2021-09-13,7,14,15,13,247,Kepulauan Bangka Belitung
2021-09-14,5,7,12,13,305,Aceh
2021-09-15,12,11,26,4,127,Sulawesi Tenggara
2021-09-16,16,10,26,5,195,Kepulauan Riau
2021-09-17,6,5,16,12,402,Kepulauan Bangka Belitung
2021-09-18,10,9,14,12,451,Jambi
2021-09-19,19,8,23,6,288,Papua
2021-09-20,5,5,16,7,426,Sumatera Selatan
2021-09-21,19,8,15,9,182,Nusa Tenggara Timur
2021-09-22,19,17,14,14,282,Jawa Tengah
2021-09-23,11,11,29,11,204,Riau
2021-09-24,19,10,25,2,276,Papua Barat
2021-09-25,7,9,28,2,498,DKI Jakarta
2021-09-26,8,16,18,8,212,Sulawesi Utara
2021-09-27,10,8,21,13,237,Sulawesi Utara
2021-09-28,5,9,23,14,391,Riau
2021-09-29,10,14,28,2,151,Bengkulu
2021-09-30,17,13,18,6,428,Sumatera Barat
2021-10-01,11,6,19,9,191,Papua Barat
2021-10-02,11,7,20,3,251,Kalimantan Utara
2021-10-03,11,16,12,9,215,Papua
2021-10-04,13,16,16,6,100,Gorontalo
2021-10-05,14,17,15,4,205,Jambi
2021-10-06,8,10,29,7,493,Jambi
2021-10-07,13,12,16,14,117,Jawa Timur
2021-10-08,19,5,29,9,193,Kalimantan Selatan
2021-10-09,8,17,20,3,132,Gorontalo
2021-10-10,8,11,25,4,345,Jawa Tengah
2021-10-11,7,12,24,11,303,Banten
2021-10-12,6,19,12,11,370,Kepulauan Riau
2021-10-13,19,7,13,13,299,Jambi
2021-10-14,8,15,17,10,108,Sulawesi Tenggara
2021-10-15,8,9,26,14,379,Papua Barat
2021-10-16,5,14,15,4,177,Bengkulu
2021-10-17,15,11,12,8,108,Kalimantan Barat
2021-10-18,12,18,29,2,353,Jawa Tengah
2021-10-19,16,8,24,6,124,Lampung
2021-10-20,10,13,18,8,210,Sumatera Selatan
2021-10-21,7,12,15,4,105,Sulawesi Utara
2021-10-22,5,14,21,12,253,Jawa Barat
2021-10-23,18,7,23,14,472,Sulawesi Barat
2021-10-24,9,10,27,7,358,Banten
2021-10-25,8,9,22,13,159,Jambi
2021-10-26,10,14,13,5,148,Kalimantan Tengah
2021-10-27,9,15,11,5,148,Aceh
2021-10-28,7,9,27,2,464,Lampung
2021-10-29,14,6,23,6,238,Kepulauan Riau
2021-10-30,10,16,15,12,128,Jawa Barat
2021-10-31,14,7,21,8,212,Lampung
2021-11-01,18,6,26,3,364,Kalimantan Selatan
2021-11-02,17,5,10,14,312,Maluku
2021-11-03,18,16,21,11,351,Nusa Tenggara Timur
2021-11-04,6,17,20,2,151,Sumatera Barat
2021-11-05,14,16,25,10,389,Banten
2021-11-06,7,18,23,6,175,Sumatera Selatan
2021-11-07,16,5,15,2,418,Bengkulu
2021-11-08,12,17,17,12,130,Maluku Utara
2021-11-09,15,15,22,10,345,Papua
2021-11-10,11,18,25,10,247,Sulawesi Selatan
2021-11-11,17,12,12,8,220,DI Yogyakarta
2021-11-12,9,19,10,12,209,Riau
2021-11-13,11,13,21,13,172,Maluku
2021-11-14,13,17,19,2,302,DI Yogyakarta
2021-11-15,8,11,22,4,433,Bengkulu
2021-11-16,6,12,11,8,156,Sulawesi Selatan
2021-11-17,19,12,18,12,309,Bali
2021-11-18,7,17,17,10,120,Sumatera Utara
2021-11-19,5,11,20,7,258,Sulawesi Utara
2021-11-20,5,6,13,13,493,Kalimantan Utara
2021-11-21,5,16,19,9,171,Gorontalo
2021-11-22,14,14,22,4,465,Kalimantan Barat
2021-11-23,10,7,24,12,316,Sulawesi Utara
2021-11-24,13,7,16,6,364,Kalimantan Timur
2021-11-25,14,17,24,5,496,DI Yogyakarta
2021-11-26,7,11,12,10,493,Jawa Tengah
2021-11-27,13,17,21,3,228,Papua Barat
2021-11-28,8,16,13,6,286,Lampung
2021-11-29,16,17,26,6,287,Jawa Timur
2021-11-30,17,6,16,8,252,Papua Barat
2021-12-01,18,11,29,12,120,Sulawesi Selatan
2021-12-02,17,11,20,13,218,DI Yogyakarta
2021-12-03,10,9,16,8,362,Sumatera Selatan
2021-12-04,5,10,19,11,110,Kalimantan Barat
2021-12-05,19,19,13,9,205,Papua
2021-12-06,11,18,24,6,102,Papua
2021-12-07,15,19,29,14,188,Kepulauan Bangka Belitung
2021-12-08,12,13,28,10,281,Kepulauan Riau
2021-12-09,7,12,23,2,156,Jawa Timur
2021-12-10,12,16,22,8,256,Jawa Barat
2021-12-11,15,15,11,7,129,Sulawesi Tenggara
2021-12-12,9,5,24,10,128,Aceh
2021-12-13,17,16,27,9,480,Lampung
2021-12-14,11,10,18,6,402,Jambi
2021-12-15,11,13,18,3,278,Sulawesi Selatan
2021-12-16,16,9,25,7,467,Kalimantan Tengah
2021-12-17,14,16,11,9,494,DKI Jakarta
2021-12-18,11,16,26,3,302,Gorontalo
2021-12-19,13,17,13,4,288,Lampung
2021-12-20,15,13,27,9,103,Kepulauan Bangka Belitung
2021-12-21,6,9,20,9,405,Bali
2021-12-22,12,18,12,12,223,Kepulauan Bangka Belitung
2021-12-23,9,19,12,3,102,Kepulauan Bangka Belitung
2021-12-24,8,13,17,5,101,Papua Barat
2021-12-25,5,19,16,14,319,Jambi
2021-12-26,8,9,26,6,211,Kalimantan Barat
2021-12-27,6,16,10,7,197,Sumatera Selatan
2021-12-28,15,11,17,11,142,Sumatera Barat
2021-12-29,11,9,11,7,445,Sulawesi Barat
2021-12-30,9,7,19,9,378,DKI Jakarta
2021-12-31,6,18,14,6,167,Jawa Timur
2022-01-01,8,10,17,9,184,Bali
2022-01-02,5,13,26,12,150,Kalimantan Timur
2022-01-03,6,19,12,14,387,Nusa Tenggara Barat
2022-01-04,14,14,15,8,475,Jawa Tengah
2022-01-05,17,12,23,13,235,Kalimantan Barat
2022-01-06,8,14,22,7,479,Kalimantan Tengah
2022-01-07,11,12,10,4,403,Maluku
2022-01-08,10,19,24,14,335,Sumatera Selatan
2022-01-09,7,14,10,8,298,Banten
2022-01-10,7,18,17,2,212,Kalimantan Barat
2022-01-11,19,16,25,11,232,Sulawesi Tengah
2022-01-12,12,11,13,9,167,Kalimantan Tengah
2022-01-13,18,14,21,7,230,Jawa Tengah
2022-01-14,14,19,27,3,289,Aceh
2022-01-15,14,10,22,11,499,Kalimantan Selatan
2022-01-16,12,5,16,10,118,Sulawesi Tengah
2022-01-17,10,13,28,11,476,Gorontalo
2022-01-18,8,12,24,6,105,Jawa Barat
2022-01-19,5,6,22,13,360,Sulawesi Utara
2022-01-20,16,15,13,9,170,Sulawesi Tengah
2022-01-21,10,8,16,6,490,Lampung
2022-01-22,19,10,14,10,399,Jambi
2022-01-23,14,18,12,6,251,Kalimantan Selatan
2022-01-24,5,7,14,6,227,Kalimantan Utara
2022-01-25,13,12,24,7,406,Sulawesi Barat
2022-01-26,11,6,25,11,376,Gorontalo
2022-01-27,19,7,19,7,399,Kalimantan Utara
2022-01-28,13,5,11,2,292,Maluku
2022-01-29,17,9,22,5,192,Kalimantan Utara
2022-01-30,13,15,14,13,318,Sulawesi Selatan
2022-01-31,19,13,23,12,161,Kalimantan Timur
2022-02-01,17,17,23,13,188,Aceh
2022-02-02,15,19,12,12,468,Kalimantan Tengah
2022-02-03,8,7,11,7,343,Sumatera Barat
2022-02-04,8,12,12,11,178,Sulawesi Barat
2022-02-05,7,16,28,3,445,Kepulauan Riau
2022-02-06,9,9,27,8,161,Sulawesi Tengah
2022-02-07,7,15,19,9,314,Jawa Tengah
2022-02-08,16,19,25,7,248,Sulawesi Tenggara
2022-02-09,11,7,21,10,372,Kepulauan Riau
2022-02-10,11,7,10,10,280,Sumatera Selatan
2022-02-11,11,19,16,7,430,Gorontalo
2022-02-12,8,18,18,12,383,Bengkulu
2022-02-13,19,14,18,8,231,Sulawesi Tengah
2022-02-14,17,13,13,14,251,Sulawesi Tenggara
2022-02-15,9,14,25,12,331,Kalimantan Utara
2022-02-16,12,14,24,5,489,Aceh
2022-02-17,9,6,22,14,485,Riau
2022-02-18,17,8,23,2,400,Kalimantan Tengah
2022-02-19,18,9,26,13,372,Kalimantan Tengah
2022-02-20,17,18,22,9,237,Jawa Timur
2022-02-21,15,12,15,4,152,Sulawesi Tenggara
2022-02-22,16,19,20,14,147,Lampung
2022-02-23,6,19,27,8,434,Kalimantan Timur
2022-02-24,13,12,28,12,167,Papua Barat
2022-02-25,5,12,19,8,136,DI Yogyakarta
2022-02-26,18,11,12,6,202,Kalimantan Barat
2022-02-27,15,7,10,8,272,Papua Barat
2022-02-28,6,16,29,7,270,Maluku Utara
2022-03-01,16,9,24,6,498,Lampung
2022-03-02,9,16,10,12,196,Banten
2022-03-03,5,8,18,13,325,Sulawesi Selatan
2022-03-04,18,7,28,5,293,Sumatera Selatan
2022-03-05,12,11,12,5,435,Sumatera Utara
2022-03-06,5,9,29,9,450,Maluku Utara
2022-03-07,18,15,29,4,152,Gorontalo
2022-03-08,13,15,13,12,122,Sulawesi Tengah
2022-03-09,8,9,18,4,399,Sulawesi Tenggara
2022-03-10,17,19,28,4,312,Sulawesi Selatan
2022-03-11,5,7,12,10,415,Lampung
2022-03-12,8,7,21,2,346,Gorontalo
2022-03-13,8,18,26,10,406,Sumatera Barat
2022-03-14,19,7,12,6,309,Papua
2022-03-15,12,13,14,12,143,Sulawesi Tenggara
2022-03-16,10,8,25,2,440,Bengkulu
2022-03-17,18,10,29,8,173,Sumatera Barat
2022-03-18,13,5,26,6,489,Maluku Utara
2022-03-19,6,12,11,9,138,Jambi
2022-03-20,9,19,12,4,473,Sulawesi Utara
2022-03-21,12,19,17,6,367,Gorontalo
2022-03-22,5,8,21,5,121,Sulawesi Tengah
2022-03-23,19,9,15,2,116,Kalimantan Tengah
2022-03-24,12,19,23,8,226,Kepulauan Riau
2022-03-25,9,15,15,2,438,Sulawesi Tenggara
2022-03-26,11,17,12,5,249,Gorontalo
2022-03-27,18,13,20,7,384,Bengkulu
2022-03-28,15,9,19,5,144,Kalimantan Tengah
2022-03-29,15,19,20,3,293,Kalimantan Utara
2022-03-30,9,18,15,12,142,Nusa Tenggara Barat
2022-03-31,12,17,25,12,163,Jawa Barat
2022-04-01,7,17,22,4,129,Sumatera Utara
2022-04-02,8,17,28,4,183,Sulawesi Selatan
2022-04-03,8,15,20,8,195,Sulawesi Tenggara
2022-04-04,18,18,15,5,263,Jawa Tengah
2022-04-05,5,8,10,10,365,Sumatera Selatan
2022-04-06,17,14,19,8,311,Kalimantan Barat
2022-04-07,14,15,15,4,430,Nusa Tenggara Timur
2022-04-08,14,17,12,5,389,Lampung
2022-04-09,17,18,22,8,214,Kepulauan Riau
2022-04-10,11,15,26,7,294,Maluku
2022-04-11,8,8,18,11,156,Sulawesi Selatan
2022-04-12,13,6,20,11,294,DI Yogyakarta
2022-04-13,14,13,12,13,192,Sumatera Barat
2022-04-14,17,14,29,8,131,Aceh
2022-04-15,13,10,22,3,146,Gorontalo
2022-04-16,17,10,27,7,313,Sulawesi Barat
2022-04-17,5,11,25,5,157,Aceh
2022-04-18,13,16,26,7,237,Sumatera Barat
2022-04-19,5,10,10,9,413,Bengkulu
2022-04-20,7,17,20,2,464,Sumatera Barat
2022-04-21,11,19,11,7,261,Sulawesi Tengah
2022-04-22,6,11,14,10,308,Sumatera Selatan
2022-04-23,16,7,22,5,191,Bali
2022-04-24,13,12,11,12,275,Lampung
2022-04-25,5,8,21,3,432,Maluku Utara
2022-04-26,7,12,20,8,379,Kalimantan Selatan
2022-04-27,18,11,23,3,128,Maluku
2022-04-28,7,7,18,14,408,Nusa Tenggara Timur
2022-04-29,6,15,23,7,114,Gorontalo
2022-04-30,9,18,25,8,250,Jawa Timur
2022-05-01,19,15,17,9,485,Sumatera Barat
2022-05-02,14,17,12,7,211,Sulawesi Selatan
2022-05-03,10,5,24,11,176,Lampung
2022-05-04,5,8,18,12,148,Kepulauan Riau
2022-05-05,13,9,20,9,376,Kalimantan Timur
2022-05-06,6,7,12,13,388,Sulawesi Tengah
2022-05-07,14,12,24,3,139,DI Yogyakarta
2022-05-08,17,5,23,9,351,DKI Jakarta
2022-05-09,11,8,11,14,209,Sulawesi Barat
2022-05-10,13,9,10,4,124,DI Yogyakarta
2022-05-11,12,17,29,14,179,Nusa Tenggara Timur
2022-05-12,19,5,11,12,444,Kepulauan Riau
2022-05-13,17,7,16,3,403,Kalimantan Selatan
2022-05-14,7,15,19,6,333,Maluku Utara
2022-05-15,5,10,27,6,301,Jawa Barat
2022-05-16,16,5,27,4,140,Kepulauan Riau
2022-05-17,14,10,29,8,212,Riau
2022-05-18,15,7,19,5,246,Gorontalo
2022-05-19,17,11,13,11,338,Maluku
2022-05-20,19,15,23,3,348,Kalimantan Utara
2022-05-21,19,19,21,8,221,Kepulauan Riau
2022-05-22,14,10,29,14,338,Kalimantan Barat
2022-05-23,7,14,26,8,437,Maluku Utara
2022-05-24,12,18,18,12,263,Kalimantan Selatan
2022-05-25,10,12,16,5,142,Sulawesi Tengah
2022-05-26,10,17,16,6,106,Papua
2022-05-27,6,8,22,5,177,DI Yogyakarta
2022-05-28,6,5,11,13,398,Jawa Timur
2022-05-29,6,7,25,5,216,Sulawesi Tenggara
2022-05-30,15,12,17,8,210,Kalimantan Selatan
2022-05-31,13,6,13,5,157,Lampung
2022-06-01,13,10,24,11,142,DI Yogyakarta
2022-06-02,14,13,26,6,203,Riau
2022-06-03,7,16,14,2,170,Banten
2022-06-04,17,14,29,12,377,Bali
2022-06-05,8,6,24,13,457,Nusa Tenggara Timur
2022-06-06,19,11,27,2,306,Gorontalo
2022-06-07,16,9,12,9,400,Kalimantan Tengah
2022-06-08,8,10,26,5,124,Jambi
2022-06-09,7,9,10,6,358,Kalimantan Utara
2022-06-10,17,19,16,13,470,Sulawesi Utara
2022-06-11,5,15,29,3,282,Papua
2022-06-12,15,19,18,4,477,Kepulauan Bangka Belitung
2022-06-13,19,19,28,5,124,Papua Barat
2022-06-14,12,11,13,8,428,Sulawesi Tenggara
2022-06-15,16,17,20,6,286,Sulawesi Selatan
2022-06-16,14,9,24,13,203,Kepulauan Riau
2022-06-17,5,8,12,14,280,Kalimantan Barat
2022-06-18,19,19,14,11,147,Kalimantan Timur
2022-06-19,15,15,27,9,152,Maluku
2022-06-20,14,6,19,14,399,Sulawesi Tenggara
2022-06-21,13,13,19,11,495,Aceh
2022-06-22,16,11,24,14,276,Maluku Utara
2022-06-23,12,18,12,8,240,Papua
2022-06-24,18,14,23,3,409,Nusa Tenggara Barat
2022-06-25,18,14,16,14,151,Banten
2022-06-26,7,14,22,6,426,Jambi
2022-06-27,15,16,20,14,249,Kalimantan Tengah
2022-06-28,17,12,24,11,114,Kepulauan Riau
2022-06-29,9,11,26,3,128,Sulawesi Tengah
2022-06-30,6,13,10,8,483,Papua
2022-07-01,18,12,17,8,189,Sulawesi Tenggara
2022-07-02,18,19,26,12,293,Sulawesi Selatan
2022-07-03,8,7,16,8,273,Sumatera Selatan
2022-07-04,12,6,28,6,234,Banten
2022-07-05,12,11,23,4,213,Jawa Tengah
2022-07-06,19,6,24,2,195,Kalimantan Tengah
2022-07-07,15,8,24,4,468,Aceh
2022-07-08,9,19,12,6,322,Sulawesi Utara
2022-07-09,12,8,21,2,439,Kalimantan Timur
2022-07-10,17,15,15,14,301,Sulawesi Barat
2022-07-11,11,6,11,4,125,Nusa Tenggara Barat
2022-07-12,9,8,15,12,412,Sulawesi Tengah
2022-07-13,11,17,20,4,239,Sulawesi Utara
2022-07-14,14,5,26,11,315,Banten
2022-07-15,6,12,21,5,280,Kalimantan Selatan
2022-07-16,9,14,18,14,177,Nusa Tenggara Barat
2022-07-17,10,14,18,6,262,Jambi
2022-07-18,18,16,25,12,113,Sumatera Utara
2022-07-19,12,14,10,6,276,Kalimantan Timur
2022-07-20,17,5,24,14,248,Papua Barat
2022-07-21,18,5,14,11,194,Jambi
2022-07-22,9,15,11,11,392,Kalimantan Barat
2022-07-23,6,19,19,14,220,Sulawesi Tengah
2022-07-24,14,16,21,6,152,Kalimantan Timur
2022-07-25,7,15,17,6,163,Jawa Tengah
2022-07-26,16,16,20,6,466,Jambi
2022-07-27,13,14,18,9,442,Kepulauan Riau
2022-07-28,5,19,22,8,472,Bengkulu
2022-07-29,13,11,15,11,342,Jawa Barat
2022-07-30,17,18,11,9,376,Lampung
2022-07-31,13,10,14,3,464,Nusa Tenggara Barat
2022-08-01,12,16,19,4,330,Lampung
2022-08-02,11,10,20,10,259,Sulawesi Utara
2022-08-03,12,18,13,10,289,Kalimantan Timur
2022-08-04,9,14,19,14,309,Papua Barat
2022-08-05,5,13,17,12,206,Sulawesi Utara
2022-08-06,10,8,20,4,267,Papua Barat
2022-08-07,12,11,11,8,360,Sulawesi Barat
2022-08-08,9,17,13,12,324,Nusa Tenggara Barat
2022-08-09,15,15,13,12,182,Sulawesi Selatan
2022-08-10,15,7,15,2,299,Kalimantan Barat
2022-08-11,15,10,23,8,233,Sulawesi Barat
2022-08-12,16,16,15,8,464,Kalimantan Barat
2022-08-13,5,5,13,11,114,Bali
2022-08-14,11,8,19,13,465,Jawa Timur
2022-08-15,19,12,10,6,411,Riau
2022-08-16,14,14,20,5,181,Sumatera Utara
2022-08-17,9,14,16,3,241,Kalimantan Tengah
2022-08-18,19,18,26,4,310,Maluku Utara
2022-08-19,6,10,24,12,308,DI Yogyakarta
2022-08-20,5,7,24,12,237,Kepulauan Bangka Belitung
2022-08-21,18,12,13,7,341,Sulawesi Barat
2022-08-22,8,15,22,2,480,Maluku
2022-08-23,5,14,16,11,313,Maluku
2022-08-24,6,9,12,11,103,Lampung
2022-08-25,10,14,25,3,470,Bali
2022-08-26,7,15,29,3,132,Sulawesi Tenggara
2022-08-27,15,9,11,8,192,Gorontalo
2022-08-28,10,14,20,12,268,Kalimantan Selatan
2022-08-29,7,10,16,11,191,Sulawesi Barat
2022-08-30,5,14,28,6,414,Jawa Timur
2022-08-31,8,7,28,8,472,Kepulauan Riau
2022-09-01,15,15,24,14,435,Papua Barat
2022-09-02,12,10,10,2,173,Kalimantan Tengah
2022-09-03,8,9,18,12,406,Sulawesi Selatan
2022-09-04,6,15,26,4,367,Bengkulu
2022-09-05,8,10,24,7,141,Banten
2022-09-06,13,16,16,12,481,Banten
2022-09-07,19,7,13,9,439,Sulawesi Tengah
2022-09-08,19,17,11,2,430,DI Yogyakarta
2022-09-09,15,17,15,6,181,Jawa Barat
2022-09-10,12,17,17,7,447,Lampung
2022-09-11,9,9,29,3,230,Kalimantan Selatan
2022-09-12,14,19,16,9,381,Sumatera Selatan
2022-09-13,19,5,12,6,399,Sumatera Barat
2022-09-14,17,13,19,9,362,Sumatera Barat
2022-09-15,5,12,15,3,407,Kepulauan Bangka Belitung
2022-09-16,13,10,22,11,459,Gorontalo
2022-09-17,5,15,20,5,181,DI Yogyakarta
2022-09-18,5,12,11,13,489,Jawa Tengah
2022-09-19,18,11,18,10,264,Papua Barat
2022-09-20,14,18,21,3,231,Sulawesi Barat
2022-09-21,5,17,14,7,174,Jambi
2022-09-22,10,6,22,13,192,Maluku Utara
2022-09-23,14,17,28,4,379,Sulawesi Tenggara
2022-09-24,18,8,15,2,101,Sulawesi Tenggara
2022-09-25,11,11,17,12,481,Sumatera Utara
2022-09-26,18,7,23,7,328,Jawa Tengah
2022-09-27,7,7,12,10,260,Kalimantan Barat
2022-09-28,5,14,21,9,499,Kepulauan Bangka Belitung
2022-09-29,6,15,22,14,409,Kalimantan Barat
2022-09-30,9,11,16,3,297,Sumatera Barat
2022-10-01,7,13,12,9,171,Sulawesi Barat
2022-10-02,13,16,10,12,366,Sulawesi Barat
2022-10-03,17,11,23,12,232,DKI Jakarta
2022-10-04,7,5,24,5,242,Kepulauan Bangka Belitung
2022-10-05,7,6,22,11,338,Kalimantan Utara
2022-10-06,18,10,19,11,289,Nusa Tenggara Timur
2022-10-07,17,7,21,10,332,Jawa Barat
2022-10-08,11,8,23,13,312,Banten
2022-10-09,17,18,26,4,460,Nusa Tenggara Barat
2022-10-10,11,6,27,3,102,Sumatera Selatan
2022-10-11,13,16,23,9,354,Maluku Utara
2022-10-12,17,10,16,11,284,Papua Barat
2022-10-13,11,14,22,5,265,Jawa Tengah
2022-10-14,17,13,22,10,374,Kepulauan Bangka Belitung
2022-10-15,6,19,11,9,288,Bengkulu
2022-10-16,11,7,20,3,325,Kalimantan Tengah
2022-10-17,19,6,28,6,363,Papua Barat
2022-10-18,9,8,27,10,433,Jawa Tengah
2022-10-19,15,14,29,5,392,Papua
2022-10-20,11,14,21,2,224,Kalimantan Utara
2022-10-21,19,17,18,9,417,Kepulauan Riau
2022-10-22,13,8,16,2,157,Jawa Tengah
2022-10-23,17,10,10,12,193,Sulawesi Tengah
2022-10-24,15,15,19,12,117,Maluku
2022-10-25,19,10,12,9,463,Sumatera Utara
2022-10-26,18,13,12,13,216,Kalimantan Barat
2022-10-27,12,5,27,14,492,DKI Jakarta
2022-10-28,13,19,16,10,285,DI Yogyakarta
2022-10-29,12,14,23,13,498,Sulawesi Selatan
2022-10-30,7,10,28,6,272,Lampung
2022-10-31,12,9,23,3,136,Lampung
2022-11-01,11,13,14,3,220,DI Yogyakarta
2022-11-02,6,18,12,6,458,Papua
2022-11-03,11,18,26,11,163,Sulawesi Utara
2022-11-04,17,19,26,11,115,Sulawesi Utara
2022-11-05,17,10,19,9,378,Sulawesi Tengah
2022-11-06,9,5,14,8,160,Sulawesi Utara
2022-11-07,16,18,23,9,460,Kepulauan Bangka Belitung
2022-11-08,14,8,20,4,421,Jawa Tengah
2022-11-09,18,8,22,7,428,Kepulauan Bangka Belitung
2022-11-10,13,6,21,5,268,Papua
2022-11-11,13,15,14,11,130,Bali
2022-11-12,13,15,27,4,146,Sulawesi Selatan
2022-11-13,12,9,16,2,121,Riau
2022-11-14,5,7,15,11,415,Nusa Tenggara Timur
2022-11-15,14,18,24,3,408,Lampung
2022-11-16,8,11,23,7,245,Sumatera Barat
2022-11-17,13,15,18,10,403,Kalimantan Utara
2022-11-18,9,7,24,2,448,Sulawesi Utara
2022-11-19,16,9,23,2,190,Kepulauan Riau
2022-11-20,8,16,23,13,397,Sulawesi Tenggara
2022-11-21,17,5,28,11,210,Maluku Utara
2022-11-22,19,6,13,9,284,DKI Jakarta
2022-11-23,13,6,25,8,143,Lampung
2022-11-24,12,14,25,13,455,Sumatera Barat
2022-11-25,19,13,25,8,351,Kalimantan Selatan
2022-11-26,17,14,29,7,491,Sulawesi Barat
2022-11-27,15,6,13,6,263,Bali
2022-11-28,15,14,29,8,380,Nusa Tenggara Timur
2022-11-29,15,12,11,2,495,Jambi
2022-11-30,10,9,25,3,114,Jawa Tengah
2022-12-01,11,8,20,3,110,Sulawesi Selatan
2022-12-02,14,13,13,12,328,Sumatera Utara
2022-12-03,6,7,18,12,487,Papua
2022-12-04,9,6,15,8,366,Kepulauan Riau
2022-12-05,13,19,16,12,369,Kepulauan Bangka Belitung
2022-12-06,13,19,21,12,270,Riau
2022-12-07,6,14,29,10,419,Kalimantan Tengah
2022-12-08,6,18,12,11,154,Jawa Tengah
2022-12-09,16,7,13,14,237,DKI Jakarta
2022-12-10,18,18,22,9,259,Lampung
2022-12-11,8,5,22,5,460,Kalimantan Utara
2022-12-12,7,14,25,10,285,Jawa Timur
2022-12-13,19,12,21,14,185,Papua
2022-12-14,17,12,25,13,179,Papua Barat
2022-12-15,19,15,21,12,106,Jambi
2022-12-16,5,5,10,12,371,Maluku
2022-12-17,12,6,23,13,449,DI Yogyakarta
2022-12-18,17,10,20,13,400,Maluku Utara
2022-12-19,6,13,18,9,201,DKI Jakarta
2022-12-20,7,18,20,6,454,Sulawesi Selatan
2022-12-21,12,11,14,2,299,DKI Jakarta
2022-12-22,19,9,26,13,269,Kepulauan Bangka Belitung
2022-12-23,11,8,28,6,267,DKI Jakarta
2022-12-24,14,10,21,9,268,Gorontalo
2022-12-25,14,7,10,5,311,Lampung
2022-12-26,9,16,29,10,433,Kalimantan Selatan
2022-12-27,7,18,23,13,126,Riau
2022-12-28,17,18,25,7,175,DI Yogyakarta
2022-12-29,6,14,24,4,336,Kalimantan Timur
2022-12-30,16,17,23,12,267,Lampung
2022-12-31,11,10,22,7,171,Sulawesi Barat
2023-01-01,19,13,22,4,130,Gorontalo
2023-01-02,10,12,10,14,151,Papua
2023-01-03,6,11,26,6,378,Sulawesi Tenggara
2023-01-04,17,16,17,8,332,Kalimantan Selatan
2023-01-05,17,10,14,12,336,Kalimantan Barat
2023-01-06,13,19,18,3,467,Aceh
2023-01-07,13,9,29,13,121,Maluku Utara
2023-01-08,7,18,16,13,372,Sumatera Barat
2023-01-09,7,12,18,12,403,Maluku Utara
2023-01-10,19,9,13,7,286,Sulawesi Barat
2023-01-11,14,11,15,7,419,Sumatera Utara
2023-01-12,12,12,24,6,400,Kepulauan Riau
2023-01-13,9,6,16,12,291,Maluku Utara
2023-01-14,6,18,22,4,321,Jawa Tengah
2023-01-15,14,13,26,14,129,Sumatera Selatan
2023-01-16,11,17,19,12,272,Sumatera Selatan
2023-01-17,17,13,18,3,185,Sumatera Selatan
2023-01-18,17,17,24,11,134,Banten
2023-01-19,5,12,21,10,438,Jawa Timur
2023-01-20,17,8,15,2,284,Maluku
2023-01-21,14,11,17,14,375,Papua
2023-01-22,15,12,14,3,355,Kalimantan Barat
2023-01-23,8,11,16,3,234,Bengkulu
2023-01-24,6,18,13,2,303,Papua Barat
2023-01-25,7,9,14,11,387,Aceh
2023-01-26,13,6,15,4,468,Sulawesi Selatan
2023-01-27,6,18,22,14,230,Sulawesi Utara
2023-01-28,15,19,14,5,483,Sulawesi Barat
2023-01-29,12,8,27,5,137,Kalimantan Timur
2023-01-30,11,6,11,6,431,Kalimantan Timur
2023-01-31,8,7,16,4,205,Sulawesi Tengah
2023-02-01,15,14,28,13,479,Kalimantan Tengah
2023-02-02,5,15,16,4,385,DKI Jakarta
2023-02-03,17,16,29,6,371,Bengkulu
2023-02-04,11,13,18,14,154,Sulawesi Tenggara
2023-02-05,13,11,29,14,244,Jawa Tengah
2023-02-06,8,16,19,13,335,DKI Jakarta
2023-02-07,19,18,16,12,379,Jawa Tengah
2023-02-08,6,11,16,5,153,Jawa Timur
2023-02-09,16,6,15,8,303,Jambi
2023-02-10,7,7,12,12,415,Gorontalo
2023-02-11,18,14,26,6,156,Jawa Barat
2023-02-12,5,19,29,2,467,Kalimantan Barat
2023-02-13,15,10,22,14,213,DKI Jakarta
2023-02-14,16,18,23,5,100,DKI Jakarta
2023-02-15,17,9,26,9,189,Kepulauan Riau
2023-02-16,8,7,23,6,158,Kalimantan Selatan
2023-02-17,11,6,27,13,184,Lampung
2023-02-18,19,7,23,13,182,Kalimantan Timur
2023-02-19,8,13,12,5,377,Kepulauan Riau
2023-02-20,19,12,11,11,144,Maluku
2023-02-21,8,19,14,3,451,Jawa Barat
2023-02-22,7,17,24,5,332,Aceh
2023-02-23,10,14,14,10,248,DI Yogyakarta
2023-02-24,15,10,29,10,390,Lampung
2023-02-25,8,15,11,6,422,Maluku
2023-02-26,13,18,11,5,186,Kalimantan Utara
2023-02-27,6,7,14,11,135,Kalimantan Timur
2023-02-28,8,16,14,9,175,Sulawesi Tengah
2023-03-01,6,17,25,14,274,Sulawesi Tengah
2023-03-02,5,16,10,10,461,Sulawesi Barat
2023-03-03,10,18,24,8,448,Jambi
2023-03-04,17,13,14,12,204,Maluku
2023-03-05,9,11,25,3,172,Jawa Tengah
2023-03-06,16,11,25,10,350,Maluku Utara
2023-03-07,9,17,17,5,439,Sulawesi Tenggara
2023-03-08,7,18,13,6,141,DI Yogyakarta
2023-03-09,9,18,23,7,290,Sulawesi Tengah
2023-03-10,10,14,24,3,373,Bali
2023-03-11,18,14,22,10,345,Sulawesi Utara
2023-03-12,9,18,27,2,323,Nusa Tenggara Barat
2023-03-13,14,14,12,6,218,Jawa Barat
2023-03-14,12,19,27,11,303,Maluku
2023-03-15,19,8,27,7,105,Sumatera Barat
2023-03-16,19,15,11,7,202,DKI Jakarta
2023-03-17,12,16,20,5,228,Papua
2023-03-18,5,8,18,6,426,Sumatera Barat
2023-03-19,16,19,14,11,100,Bali
2023-03-20,14,17,23,4,413,Kalimantan Barat
2023-03-21,8,10,28,9,357,Jawa Timur
2023-03-22,16,13,20,6,302,Sulawesi Utara
2023-03-23,15,17,22,5,240,Sulawesi Tenggara
2023-03-24,18,18,16,5,108,Bengkulu
2023-03-25,18,10,20,3,218,Nusa Tenggara Barat
2023-03-26,5,6,25,5,200,Bali
2023-03-27,14,5,21,3,130,Kalimantan Barat
2023-03-28,11,13,10,6,257,Bali
2023-03-29,14,16,28,12,289,Banten
2023-03-30,8,8,16,13,385,Sumatera Utara
2023-03-31,16,17,21,4,359,Lampung
2023-04-01,10,12,25,4,131,Kepulauan Riau
2023-04-02,8,12,18,2,247,Sulawesi Selatan
2023-04-03,5,14,12,11,221,Kalimantan Barat
2023-04-04,5,12,29,13,495,Bengkulu
2023-04-05,16,19,23,5,142,Aceh
2023-04-06,9,14,20,6,142,Kalimantan Utara
2023-04-07,9,16,23,6,409,Kalimantan Tengah
2023-04-08,5,5,28,6,375,Sulawesi Tengah
2023-04-09,11,10,17,7,174,Jawa Timur
2023-04-10,19,14,15,2,458,Kalimantan Utara
2023-04-11,14,18,14,5,340,Bengkulu
2023-04-12,13,12,15,13,125,Kalimantan Utara
2023-04-13,5,14,27,9,154,Sulawesi Tengah
2023-04-14,9,8,23,3,194,Papua
2023-04-15,7,10,21,2,269,Jambi
2023-04-16,7,16,26,11,118,DI Yogyakarta
2023-04-17,7,18,17,13,104,Papua
2023-04-18,16,12,23,7,431,Maluku
2023-04-19,12,8,28,8,184,Lampung
2023-04-20,13,10,21,6,210,Maluku
2023-04-21,5,9,19,11,321,Sulawesi Tengah
2023-04-22,10,8,25,3,387,Papua
2023-04-23,16,11,20,13,255,Kalimantan Barat
2023-04-24,5,14,28,8,457,Sulawesi Selatan
2023-04-25,12,7,25,4,189,Kalimantan Tengah
2023-04-26,9,16,18,9,456,DI Yogyakarta
2023-04-27,17,10,18,6,261,Kalimantan Timur
2023-04-28,6,12,25,5,415,Maluku Utara
2023-04-29,10,14,23,4,218,Sulawesi Tengah
2023-04-30,9,9,25,11,448,Papua
2023-05-01,9,10,21,3,210,Sumatera Barat
2023-05-02,7,19,25,7,166,Lampung
2023-05-03,7,11,22,13,232,Papua
2023-05-04,14,7,11,6,354,Bengkulu
2023-05-05,18,11,11,9,451,Kalimantan Selatan
2023-05-06,16,9,23,10,436,Sulawesi Utara
2023-05-07,10,5,25,5,452,Sulawesi Tengah
2023-05-08,14,7,11,7,210,Kalimantan Utara
2023-05-09,13,15,11,9,268,Jawa Tengah
2023-05-10,15,12,14,4,284,Kalimantan Utara
2023-05-11,15,11,25,5,404,Kalimantan Selatan
2023-05-12,16,10,10,8,466,Sulawesi Barat
2023-05-13,15,9,24,12,193,DI Yogyakarta
2023-05-14,13,9,17,9,376,Bali
2023-05-15,19,14,21,6,193,Jawa Tengah
2023-05-16,18,8,25,12,183,Jawa Tengah
2023-05-17,10,13,22,9,491,Kalimantan Selatan
2023-05-18,13,7,21,10,427,Banten
2023-05-19,17,16,27,12,239,Jawa Barat
2023-05-20,5,19,20,11,107,Sumatera Barat
2023-05-21,5,5,17,7,447,Papua
2023-05-22,18,12,18,14,310,Jawa Timur
2023-05-23,8,7,15,12,100,Gorontalo
2023-05-24,19,13,19,2,385,Kepulauan Bangka Belitung
2023-05-25,12,10,21,4,489,Riau
2023-05-26,5,12,17,3,239,Riau
2023-05-27,12,19,15,5,123,Papua Barat
2023-05-28,7,15,15,9,442,Sulawesi Tengah
2023-05-29,9,8,24,11,108,Bengkulu
2023-05-30,16,10,10,14,171,Sulawesi Utara
2023-05-31,16,12,11,9,328,Sumatera Barat
2023-06-01,5,18,28,7,240,Bali
2023-06-02,6,10,19,12,173,Kalimantan Selatan
2023-06-03,7,11,14,11,163,Riau
2023-06-04,14,10,21,5,289,Lampung
2023-06-05,8,16,28,9,302,Sumatera Selatan
2023-06-06,7,11,11,4,216,Kalimantan Selatan
2023-06-07,16,14,17,3,328,Lampung
2023-06-08,11,6,15,5,173,Riau
2023-06-09,8,15,11,4,139,Papua
2023-06-10,13,13,11,3,366,Banten
2023-06-11,7,9,24,2,400,Sulawesi Tenggara
2023-06-12,11,10,23,5,487,Kalimantan Selatan
2023-06-13,19,15,19,13,195,Kepulauan Riau
2023-06-14,12,10,19,11,159,Kalimantan Tengah
2023-06-15,5,9,28,9,272,DI Yogyakarta
2023-06-16,17,8,22,14,383,Sumatera Utara
2023-06-17,13,19,23,2,204,Kepulauan Bangka Belitung
2023-06-18,6,17,20,12,120,Nusa Tenggara Barat
2023-06-19,12,15,15,5,386,Lampung
2023-06-20,18,12,22,11,411,Nusa Tenggara Timur
2023-06-21,13,10,26,7,439,Papua
2023-06-22,14,15,19,12,388,Lampung
2023-06-23,6,14,18,14,462,Kalimantan Utara
2023-06-24,6,18,16,12,456,DKI Jakarta
2023-06-25,16,10,29,14,160,Gorontalo
2023-06-26,13,18,13,5,242,Jambi
2023-06-27,8,13,13,2,109,Kalimantan Tengah
2023-06-28,18,11,25,12,170,Kalimantan Timur
2023-06-29,17,12,24,9,420,Sulawesi Utara
2023-06-30,18,7,13,2,451,Lampung
2023-07-01,11,6,21,10,474,Jambi
2023-07-02,10,8,15,3,131,Nusa Tenggara Timur
2023-07-03,9,19,15,11,215,Kalimantan Barat
2023-07-04,5,17,19,2,117,Papua
2023-07-05,6,18,25,8,411,Sulawesi Tenggara
2023-07-06,10,17,27,10,135,Sulawesi Utara
2023-07-07,9,16,17,8,213,Maluku
2023-07-08,10,9,26,2,257,Nusa Tenggara Barat
2023-07-09,16,18,27,9,116,Papua Barat
2023-07-10,6,12,22,4,307,Jawa Barat
2023-07-11,14,10,26,11,233,Papua
2023-07-12,6,5,18,8,280,Gorontalo
2023-07-13,17,8,18,8,169,Sulawesi Tengah
2023-07-14,17,8,21,11,225,Sulawesi Tenggara
2023-07-15,8,11,28,8,403,Bengkulu
2023-07-16,8,13,26,4,355,Kalimantan Tengah
2023-07-17,5,19,22,10,300,Kalimantan Barat
2023-07-18,10,7,27,14,145,Gorontalo
2023-07-19,6,19,24,8,331,Jawa Timur
2023-07-20,10,8,28,6,353,Sulawesi Tenggara
2023-07-21,15,19,26,10,282,Jambi
2023-07-22,7,11,23,13,120,Gorontalo
2023-07-23,19,7,16,13,351,Sulawesi Tenggara
2023-07-24,9,17,18,14,199,Sulawesi Selatan
2023-07-25,10,7,19,6,171,Riau
2023-07-26,5,15,16,14,138,Bengkulu
2023-07-27,12,16,16,5,119,DKI Jakarta
2023-07-28,5,15,29,11,168,Sumatera Barat
2023-07-29,11,11,18,12,346,Jawa Timur
2023-07-30,15,10,12,4,236,Jambi
2023-07-31,16,6,22,14,105,Bengkulu
2023-08-01,12,15,23,12,482,Banten
2023-08-02,17,18,17,5,298,Sumatera Selatan
2023-08-03,7,15,10,8,406,Riau
2023-08-04,18,12,26,14,245,Maluku
2023-08-05,12,11,26,14,372,Bengkulu
2023-08-06,16,13,25,10,372,Jawa Tengah
2023-08-07,15,12,13,8,221,Sumatera Utara
2023-08-08,19,15,10,12,249,Sulawesi Barat
2023-08-09,14,7,10,8,294,DI Yogyakarta
2023-08-10,6,12,21,5,307,Kalimantan Tengah
2023-08-11,14,16,21,2,470,Sumatera Utara
2023-08-12,10,14,21,11,440,Sulawesi Tengah
2023-08-13,12,5,10,9,326,Jawa Tengah
2023-08-14,9,6,10,4,158,Aceh
2023-08-15,19,11,27,9,425,Sumatera Selatan
2023-08-16,10,19,22,14,327,Kepulauan Bangka Belitung
2023-08-17,19,14,12,2,323,Kalimantan Utara
2023-08-18,16,12,23,5,272,Jawa Timur
2023-08-19,17,6,15,5,241,Papua Barat
2023-08-20,5,16,17,8,415,Bengkulu
2023-08-21,18,18,23,3,470,Gorontalo
2023-08-22,17,11,28,7,187,Kalimantan Selatan
2023-08-23,9,7,13,9,344,Maluku Utara
2023-08-24,10,18,22,12,326,Nusa Tenggara Timur
2023-08-25,15,11,22,9,224,Lampung
2023-08-26,6,19,17,11,345,Sulawesi Barat
2023-08-27,5,16,29,11,184,Jawa Timur
2023-08-28,5,5,22,10,121,Sulawesi Barat
2023-08-29,12,6,27,14,491,Kepulauan Bangka Belitung
2023-08-30,17,12,26,8,374,Riau
2023-08-31,10,12,23,2,242,Sulawesi Utara
2023-09-01,7,8,14,5,290,Kalimantan Timur
2023-09-02,12,12,24,12,187,Sumatera Utara
2023-09-03,7,6,25,5,176,Sumatera Barat
2023-09-04,18,17,27,6,292,Bengkulu
2023-09-05,19,11,23,7,138,Riau
2023-09-06,14,15,10,3,485,Kalimantan Tengah
2023-09-07,18,10,20,5,441,Riau
2023-09-08,19,17,21,7,138,Aceh
2023-09-09,15,13,21,6,442,Jawa Timur
2023-09-10,6,15,25,6,130,Sulawesi Tenggara
2023-09-11,17,10,27,8,134,Sumatera Barat
2023-09-12,14,5,28,4,411,Sulawesi Barat
2023-09-13,5,13,27,2,442,Sumatera Barat
2023-09-14,11,12,11,13,205,Maluku
2023-09-15,6,7,22,10,112,Jawa Timur
2023-09-16,13,7,17,13,435,Papua
2023-09-17,10,9,21,2,367,DI Yogyakarta
2023-09-18,8,6,22,13,468,Kalimantan Tengah
2023-09-19,12,14,25,10,302,Aceh
2023-09-20,19,14,10,11,154,Sumatera Selatan
2023-09-21,13,13,29,9,436,Kepulauan Bangka Belitung
2023-09-22,7,13,11,5,401,Jawa Barat
2023-09-23,12,11,26,5,231,Bali
2023-09-24,8,13,12,9,330,Lampung
2023-09-25,9,11,29,3,141,Papua
2023-09-26,15,15,13,6,349,Sumatera Selatan
2023-09-27,10,12,15,12,150,Kalimantan Barat
2023-09-28,13,16,18,12,449,Nusa Tenggara Timur
2023-09-29,5,8,10,14,468,DKI Jakarta
2023-09-30,8,12,14,7,279,Kalimantan Barat
2023-10-01,16,11,26,5,460,Sulawesi Tenggara
2023-10-02,11,16,14,11,293,Sulawesi Utara
2023-10-03,16,6,16,2,273,Kalimantan Utara
2023-10-04,9,6,19,5,486,Kepulauan Bangka Belitung
2023-10-05,13,15,13,13,356,Sumatera Utara
2023-10-06,10,15,22,7,355,Kalimantan Timur
2023-10-07,15,18,29,2,198,Papua
2023-10-08,13,6,16,14,486,Nusa Tenggara Barat
2023-10-09,13,15,11,5,252,Sulawesi Barat
2023-10-10,13,6,27,10,237,Sumatera Barat
2023-10-11,15,6,18,5,101,Kalimantan Selatan
2023-10-12,6,15,10,5,357,Jawa Timur
2023-10-13,11,10,16,2,212,Kepulauan Bangka Belitung
2023-10-14,18,14,13,3,131,Lampung
2023-10-15,5,16,27,5,148,Sulawesi Tenggara
2023-10-16,16,7,24,13,192,Nusa Tenggara Timur
2023-10-17,11,8,19,4,483,Kalimantan Selatan
2023-10-18,11,18,12,11,128,Kalimantan Timur
2023-10-19,12,19,18,7,344,Sumatera Selatan
2023-10-20,19,11,17,9,126,DI Yogyakarta
2023-10-21,15,8,25,10,379,Bali
2023-10-22,10,18,11,14,157,Bali
2023-10-23,14,10,11,5,166,Sulawesi Selatan
2023-10-24,16,17,14,10,115,Sulawesi Barat
2023-10-25,19,10,14,5,353,Banten
2023-10-26,5,5,17,14,246,Bengkulu
2023-10-27,7,5,24,7,305,Kalimantan Utara
2023-10-28,18,7,14,6,338,Maluku Utara
2023-10-29,15,14,18,3,202,Sumatera Barat
2023-10-30,12,16,13,2,153,Sulawesi Tengah
2023-10-31,11,6,17,9,144,DI Yogyakarta
2023-11-01,6,8,29,8,407,Aceh
2023-11-02,6,19,17,12,197,Riau
2023-11-03,19,13,25,10,200,DI Yogyakarta
2023-11-04,14,18,21,2,152,Sumatera Barat
2023-11-05,18,11,20,14,421,Kalimantan Timur
2023-11-06,12,18,15,13,164,DKI Jakarta
2023-11-07,12,12,26,4,231,Kalimantan Utara
2023-11-08,7,11,22,3,106,Sumatera Selatan
2023-11-09,11,10,11,7,250,Kalimantan Utara
2023-11-10,9,7,17,10,318,Kalimantan Utara
2023-11-11,9,13,16,8,497,Maluku
2023-11-12,19,8,14,11,390,Kalimantan Selatan
2023-11-13,16,10,23,14,400,Jawa Timur
2023-11-14,11,13,25,14,259,Sumatera Utara
2023-11-15,13,8,10,2,299,Sumatera Utara
2023-11-16,19,18,17,12,249,Sumatera Utara
2023-11-17,17,13,19,4,127,Sumatera Utara
2023-11-18,10,16,22,2,407,Sulawesi Selatan
2023-11-19,15,8,19,3,274,Kalimantan Tengah
2023-11-20,13,18,20,13,387,Papua
2023-11-21,11,8,29,4,234,Sulawesi Tenggara
2023-11-22,16,14,28,6,109,Maluku
2023-11-23,5,18,15,9,215,Kalimantan Tengah
2023-11-24,5,10,13,9,207,Kepulauan Bangka Belitung
2023-11-25,19,18,21,6,236,Sumatera Utara
2023-11-26,13,12,28,12,312,Sulawesi Tengah
2023-11-27,10,19,21,3,426,Kalimantan Selatan
2023-11-28,19,19,22,6,396,Maluku Utara
2023-11-29,10,13,13,12,201,Kalimantan Tengah
2023-11-30,9,6,13,9,357,Kepulauan Bangka Belitung
2023-12-01,17,5,20,10,343,Bengkulu
2023-12-02,17,13,24,4,241,DKI Jakarta
2023-12-03,11,15,20,10,355,Riau
2023-12-04,12,5,11,2,378,Sulawesi Barat
2023-12-05,10,12,17,14,168,Kepulauan Bangka Belitung
2023-12-06,7,13,21,11,388,Bali
2023-12-07,10,11,27,8,410,Kalimantan Timur
2023-12-08,19,16,11,14,148,Banten
2023-12-09,9,13,21,11,225,Jawa Tengah
2023-12-10,13,17,22,13,372,Nusa Tenggara Timur
2023-12-11,15,12,10,14,279,Gorontalo
2023-12-12,16,18,24,10,456,Lampung
2023-12-13,5,9,26,8,338,Nusa Tenggara Barat
2023-12-14,14,16,12,8,151,Sulawesi Barat
2023-12-15,8,8,20,3,383,Jawa Tengah
2023-12-16,17,10,16,11,225,Jawa Timur
2023-12-17,14,6,21,11,345,Sumatera Utara
2023-12-18,14,11,26,12,458,Kalimantan Utara
2023-12-19,14,17,26,11,422,Kalimantan Barat
2023-12-20,17,8,11,7,193,Sulawesi Barat
2023-12-21,14,13,15,2,126,Gorontalo
2023-12-22,10,7,13,9,316,Kalimantan Utara
2023-12-23,15,6,11,10,132,Jawa Timur
2023-12-24,14,8,29,12,122,Kalimantan Barat
2023-12-25,9,15,29,12,366,Bali
2023-12-26,6,15,20,8,409,Maluku Utara
2023-12-27,14,19,26,14,309,Sulawesi Barat
2023-12-28,19,15,15,3,227,Kepulauan Bangka Belitung
2023-12-29,14,6,29,7,351,Jawa Barat
2023-12-30,14,10,27,11,380,Sumatera Barat
2023-12-31,13,13,11,6,243,DKI Jakarta
